"OTU","OTU_prop","Kingdom","Phylum","Class","Order","Family","Genus","Species"
"OTU002","OTU002_1","Bacteria","Firmicutes","Bacilli","Lactobacillales","Carnobacteriaceae","Trichococcus","unclassified"
"OTU001","OTU001_1","Bacteria","Campylobacterota","Campylobacteria","Campylobacterales","Arcobacteraceae","Arcobacter","cryaerophilus"
"OTU003","OTU003_1","Bacteria","Firmicutes","Bacilli","Lactobacillales","Streptococcaceae","Lactococcus","raffinolactis"
"OTU009","OTU009_1","Bacteria","Firmicutes","Bacilli","Lactobacillales","Carnobacteriaceae","Trichococcus","unclassified"
"OTU134","OTU134_67","Bacteria","Proteobacteria","Gammaproteobacteria","Burkholderiales","Comamonadaceae","Acidovorax","unclassified"
"OTU024","OTU024_1","Bacteria","Fusobacteriota","Fusobacteriia","Fusobacteriales","Leptotrichiaceae","Leptotrichia","unclassified"
"OTU006","OTU006_1","Bacteria","Campylobacterota","Campylobacteria","Campylobacterales","Arcobacteraceae","Pseudarcobacter","unclassified"
"OTU052","OTU052_1","Bacteria","Campylobacterota","Campylobacteria","Campylobacterales","Arcobacteraceae","Pseudarcobacter","unclassified"
"OTU010","OTU010_99","Bacteria","Proteobacteria","Gammaproteobacteria","Burkholderiales","Comamonadaceae","Acidovorax","defluvii"
"OTU030","OTU030_1","Bacteria","Firmicutes","Bacilli","Lactobacillales","Enterococcaceae","Enterococcus","aquimarinus"
"OTU029","OTU029_1","Bacteria","Proteobacteria","Gammaproteobacteria","Pseudomonadales","Moraxellaceae","Acinetobacter","bohemicus"
"OTU134","OTU134_33","Bacteria","Proteobacteria","Gammaproteobacteria","Burkholderiales","Comamonadaceae","Acidovorax","temperans"
"OTU016","OTU016_1","Bacteria","Proteobacteria","Gammaproteobacteria","Burkholderiales","Aquaspirillaceae","Rivicola","unclassified"
"OTU007","OTU007_1","Bacteria","Firmicutes","Bacilli","Lactobacillales","Streptococcaceae","Streptococcus","equinus"
"OTU031","OTU031_1","Bacteria","Proteobacteria","Gammaproteobacteria","Pseudomonadales","Moraxellaceae","Enhydrobacter","unclassified"
"OTU109","OTU109_1","Bacteria","Bacteroidota","Bacteroidia","Flavobacteriales","Flavobacteriaceae","Flavobacterium","succinicans"
"OTU680","OTU680_1","Bacteria","Firmicutes","Bacilli","Lactobacillales","Streptococcaceae","Lactococcus","chungangensis"
"OTU004","OTU004_1","Bacteria","Bacteroidota","Bacteroidia","Flavobacteriales","Weeksellaceae","Cloacibacterium","unclassified"
"OTU014","OTU014_1","Bacteria","Campylobacterota","Campylobacteria","Campylobacterales","Arcobacteraceae","Pseudarcobacter","unclassified"
"OTU032","OTU032_95","Bacteria","Firmicutes","Bacilli","Lactobacillales","Streptococcaceae","Streptococcus","lutetiensis"
"OTU123","OTU123_72","Bacteria","Proteobacteria","Gammaproteobacteria","Enterobacterales","Aeromonadaceae","Aeromonas","hydrophila"
"OTU679","OTU679_1","Bacteria","Proteobacteria","Gammaproteobacteria","Pseudomonadales","Pseudomonadaceae","Pseudomonas","mendocina"
"OTU122","OTU122_1","Bacteria","Proteobacteria","Gammaproteobacteria","Burkholderiales","Rhodocyclaceae","Zoogloea","ramigera"
"OTU041","OTU041_1","Bacteria","Fusobacteriota","Fusobacteriia","Fusobacteriales","Leptotrichiaceae","Hypnocyclicus","unclassified"
"OTU677","OTU677_1","Bacteria","Proteobacteria","Gammaproteobacteria","Burkholderiales","Comamonadaceae","Simplicispira","metamorpha"
"OTU037","OTU037_1","Bacteria","Proteobacteria","Gammaproteobacteria","Burkholderiales","Comamonadaceae","Sphaerotilus","natans"
"OTU051","OTU051_1","Bacteria","Bacteroidota","Bacteroidia","Flavobacteriales","Weeksellaceae","Cloacibacterium","unclassified"
"OTU025","OTU025_1","Bacteria","Campylobacterota","Campylobacteria","Campylobacterales","Arcobacteraceae","unclassified","unclassified"
"OTU022","OTU022_1","Bacteria","Campylobacterota","Campylobacteria","Campylobacterales","Arcobacteraceae","Pseudarcobacter","unclassified"
"OTU117","OTU117_1","Bacteria","Firmicutes","Bacilli","Lactobacillales","Streptococcaceae","Lactococcus","lactis"
"OTU085","OTU085_1","Bacteria","Proteobacteria","Gammaproteobacteria","Pseudomonadales","Moraxellaceae","Acinetobacter","bohemicus"
"OTU005","OTU005_1","Bacteria","Firmicutes","Negativicutes","Veillonellales-Selenomonadales","Veillonellaceae","Veillonella","unclassified"
"OTU675","OTU675_1","Bacteria","Proteobacteria","Gammaproteobacteria","Pseudomonadales","Pseudomonadaceae","Pseudomonas","putida"
"OTU028","OTU028_1","Bacteria","Proteobacteria","Gammaproteobacteria","Burkholderiales","Aquaspirillaceae","Rivicola","unclassified"
"OTU021","OTU021_99","Bacteria","Proteobacteria","Gammaproteobacteria","Enterobacterales","Aeromonadaceae","Aeromonas","caviae"
"OTU678","OTU678_1","Bacteria","Proteobacteria","Gammaproteobacteria","Burkholderiales","Comamonadaceae","Polaromonas","unclassified"
"OTU676","OTU676_1","Bacteria","Campylobacterota","Campylobacteria","Campylobacterales","Arcobacteraceae","Arcobacter","unclassified"
"OTU036","OTU036_1","Bacteria","Proteobacteria","Gammaproteobacteria","Pseudomonadales","Moraxellaceae","Acinetobacter","johnsonii"
"OTU038","OTU038_92","Bacteria","Firmicutes","Bacilli","Lactobacillales","Enterococcaceae","Enterococcus","flavescens"
"OTU123","OTU123_28","Bacteria","Proteobacteria","Gammaproteobacteria","Enterobacterales","Aeromonadaceae","Aeromonas","rivipollensis"
"OTU112","OTU112_1","Bacteria","Proteobacteria","Gammaproteobacteria","Burkholderiales","Rhodocyclaceae","Zoogloea","unclassified"
"OTU008","OTU008_1","Bacteria","Bacteroidota","Bacteroidia","Bacteroidales","Bacteroidaceae","Bacteroides","graminisolvens"
"OTU666","OTU666_1","Bacteria","Proteobacteria","Gammaproteobacteria","Burkholderiales","Comamonadaceae","Comamonas","unclassified"
"OTU670","OTU670_1","Bacteria","Campylobacterota","Campylobacteria","Campylobacterales","Arcobacteraceae","Arcobacter","butzleri"
"OTU673","OTU673_1","Bacteria","Proteobacteria","Gammaproteobacteria","Burkholderiales","Comamonadaceae","Aquabacterium","unclassified"
"OTU108","OTU108_1","Bacteria","Proteobacteria","Gammaproteobacteria","Burkholderiales","Comamonadaceae","Acidovorax","delafieldii"
"OTU111","OTU111_1","Bacteria","Proteobacteria","Gammaproteobacteria","Burkholderiales","Rhodocyclaceae","Zoogloea","unclassified"
"OTU013","OTU013_1","Bacteria","Proteobacteria","Gammaproteobacteria","Thiotrichales","Thiotrichaceae","Thiothrix","unclassified"
"OTU035","OTU035_1","Bacteria","Proteobacteria","Gammaproteobacteria","Burkholderiales","Comamonadaceae","Comamonas","denitrificans"
"OTU110","OTU110_1","Bacteria","Proteobacteria","Gammaproteobacteria","Enterobacterales","Aeromonadaceae","Aeromonas","rivipollensis"
"OTU107","OTU107_1","Bacteria","Proteobacteria","Gammaproteobacteria","Burkholderiales","Comamonadaceae","Hydrogenophaga","unclassified"
"OTU672","OTU672_1","Bacteria","Proteobacteria","Gammaproteobacteria","Pseudomonadales","Moraxellaceae","Acinetobacter","unclassified"
"OTU671","OTU671_1","Bacteria","Proteobacteria","Gammaproteobacteria","Burkholderiales","Comamonadaceae","Sphaerotilus","unclassified"
"OTU120","OTU120_1","Bacteria","Proteobacteria","Gammaproteobacteria","Burkholderiales","Aquaspirillaceae","Rivicola","unclassified"
"OTU664","OTU664_1","Bacteria","Proteobacteria","Gammaproteobacteria","Burkholderiales","Rhodocyclaceae","Zoogloea","unclassified"
"OTU042","OTU042_1","Bacteria","Firmicutes","Bacilli","Lactobacillales","Streptococcaceae","Lactococcus","garvieae"
"OTU033","OTU033_99","Bacteria","Proteobacteria","Gammaproteobacteria","Enterobacterales","Aeromonadaceae","Aeromonas","caviae"
"OTU668","OTU668_1","Bacteria","Proteobacteria","Gammaproteobacteria","Burkholderiales","Comamonadaceae","Rhodoferax","unclassified"
"OTU662","OTU662_1","Bacteria","Firmicutes","Negativicutes","Veillonellales-Selenomonadales","Sporomusaceae","Anaerosinus","glycerini"
"OTU658","OTU658_1","Bacteria","Bacteroidota","Bacteroidia","Flavobacteriales","Weeksellaceae","Chryseobacterium","unclassified"
"OTU659","OTU659_1","Bacteria","Proteobacteria","Gammaproteobacteria","Burkholderiales","Rhodocyclaceae","Propionivibrio","unclassified"
"OTU661","OTU661_1","Bacteria","Proteobacteria","Gammaproteobacteria","Burkholderiales","Comamonadaceae","Acidovorax","caeni"
"OTU023","OTU023_1","Bacteria","Proteobacteria","Gammaproteobacteria","Pseudomonadales","Moraxellaceae","Acinetobacter","johnsonii"
"OTU656","OTU656_1","Bacteria","Firmicutes","Bacilli","Lactobacillales","Streptococcaceae","Streptococcus","parasuis"
"OTU067","OTU067_1","Bacteria","Firmicutes","Bacilli","Lactobacillales","Streptococcaceae","Lactococcus","chungangensis"
"OTU020","OTU020_1","Bacteria","Proteobacteria","Gammaproteobacteria","Burkholderiales","Neisseriaceae","Uruburuella","unclassified"
"OTU099","OTU099_1","Bacteria","Firmicutes","Negativicutes","Veillonellales-Selenomonadales","Veillonellaceae","Veillonella","ratti"
"OTU053","OTU053_1","Bacteria","Firmicutes","Bacilli","Lactobacillales","Aerococcaceae","Aerococcus","urinaeequi"
"OTU657","OTU657_1","Bacteria","Firmicutes","Bacilli","Lactobacillales","Streptococcaceae","Streptococcus","unclassified"
"OTU100","OTU100_1","Bacteria","Proteobacteria","Gammaproteobacteria","Pseudomonadales","Moraxellaceae","Acinetobacter","unclassified"
"OTU050","OTU050_92","Bacteria","Firmicutes","Bacilli","Lactobacillales","Streptococcaceae","Streptococcus","parasuis"
"OTU046","OTU046_1","Bacteria","Proteobacteria","Gammaproteobacteria","Burkholderiales","T34","unclassified","unclassified"
"OTU054","OTU054_1","Bacteria","Campylobacterota","Campylobacteria","Campylobacterales","Arcobacteraceae","Arcobacter","unclassified"
"OTU093","OTU093_98","Bacteria","Firmicutes","Bacilli","Lactobacillales","Streptococcaceae","Streptococcus","infantarius"
"OTU653","OTU653_1","Bacteria","Proteobacteria","Gammaproteobacteria","Burkholderiales","Rhodocyclaceae","Dechloromonas","unclassified"
"OTU011","OTU011_1","Bacteria","Campylobacterota","Campylobacteria","Campylobacterales","Arcobacteraceae","Pseudarcobacter","unclassified"
"OTU652","OTU652_1","Bacteria","Campylobacterota","Campylobacteria","Campylobacterales","Arcobacteraceae","Pseudarcobacter","unclassified"
"OTU092","OTU092_1","Bacteria","Fusobacteriota","Fusobacteriia","Fusobacteriales","Leptotrichiaceae","Hypnocyclicus","unclassified"
"OTU650","OTU650_1","Bacteria","Bacteroidota","Bacteroidia","Flavobacteriales","Weeksellaceae","Chryseobacterium","chaponense"
"OTU660","OTU660_1","Bacteria","Proteobacteria","Gammaproteobacteria","Enterobacterales","Enterobacteriaceae","Buttiauxella","unclassified"
"OTU648","OTU648_1","Bacteria","Actinobacteriota","Actinobacteria","Propionibacteriales","Propionibacteriaceae","Tessaracoccus","unclassified"
"OTU089","OTU089_1","Bacteria","Bacteroidota","Bacteroidia","Flavobacteriales","Flavobacteriaceae","Flavobacterium","unclassified"
"OTU102","OTU102_1","Bacteria","Firmicutes","Bacilli","Lactobacillales","Streptococcaceae","Lactococcus","piscium"
"OTU663","OTU663_1","Bacteria","Proteobacteria","Gammaproteobacteria","Enterobacterales","Aeromonadaceae","Aeromonas","unclassified"
"OTU647","OTU647_1","Bacteria","Proteobacteria","Gammaproteobacteria","Burkholderiales","Comamonadaceae","Diaphorobacter","unclassified"
"OTU045","OTU045_1","Bacteria","Firmicutes","Bacilli","Lactobacillales","Streptococcaceae","Lactococcus","raffinolactis"
"OTU655","OTU655_1","Bacteria","Campylobacterota","Campylobacteria","Campylobacterales","unclassified","unclassified","unclassified"
"OTU642","OTU642_1","Bacteria","Actinobacteriota","Actinobacteria","Corynebacteriales","Nocardiaceae","Rhodococcus","erythropolis"
"OTU026","OTU026_1","Bacteria","Bacteroidota","Bacteroidia","Flavobacteriales","Weeksellaceae","Cloacibacterium","unclassified"
"OTU129","OTU129_1","Bacteria","Proteobacteria","Gammaproteobacteria","Burkholderiales","Comamonadaceae","Acidovorax","caeni"
"OTU645","OTU645_1","Bacteria","Proteobacteria","Gammaproteobacteria","Burkholderiales","Rhodocyclaceae","Zoogloea","unclassified"
"OTU654","OTU654_1","Bacteria","Proteobacteria","Gammaproteobacteria","Burkholderiales","Rhodocyclaceae","Thauera","unclassified"
"OTU644","OTU644_1","Bacteria","Proteobacteria","Gammaproteobacteria","Burkholderiales","Comamonadaceae","Rhodoferax","unclassified"
"OTU643","OTU643_1","Bacteria","Campylobacterota","Campylobacteria","Campylobacterales","Arcobacteraceae","unclassified","unclassified"
"OTU640","OTU640_1","Bacteria","Campylobacterota","Campylobacteria","Campylobacterales","Sulfurospirillaceae","Sulfurospirillum","unclassified"
"OTU072","OTU072_1","Bacteria","Campylobacterota","Campylobacteria","Campylobacterales","Arcobacteraceae","Pseudarcobacter","unclassified"
"OTU641","OTU641_1","Bacteria","Proteobacteria","Gammaproteobacteria","Pseudomonadales","Moraxellaceae","Acinetobacter","unclassified"
"OTU086","OTU086_77","Bacteria","Firmicutes","Bacilli","Lactobacillales","Enterococcaceae","Enterococcus","flavescens"
"OTU646","OTU646_1","Bacteria","Proteobacteria","Gammaproteobacteria","Pseudomonadales","Moraxellaceae","Acinetobacter","unclassified"
"OTU055","OTU055_1","Bacteria","Proteobacteria","Gammaproteobacteria","Burkholderiales","Rhodocyclaceae","Zoogloea","unclassified"
"OTU019","OTU019_91","Bacteria","Proteobacteria","Gammaproteobacteria","Enterobacterales","Yersiniaceae","Yersinia","intermedia"
"OTU636","OTU636_1","Bacteria","Firmicutes","Bacilli","Lactobacillales","unclassified","unclassified","unclassified"
"OTU062","OTU062_1","Bacteria","Firmicutes","Bacilli","Lactobacillales","Streptococcaceae","Lactococcus","plantarum"
"OTU649","OTU649_1","Bacteria","Proteobacteria","Gammaproteobacteria","Pseudomonadales","Pseudomonadaceae","Pseudomonas","alcaligenes"
"OTU638","OTU638_1","Bacteria","Desulfobacterota","Desulfovibrionia","Desulfovibrionales","Desulfovibrionaceae","Desulfovibrio","desulfuricans"
"OTU635","OTU635_1","Bacteria","Bacteroidota","Bacteroidia","Bacteroidales","Dysgonomonadaceae","Dysgonomonas","mossii"
"OTU632","OTU632_1","Bacteria","Proteobacteria","Gammaproteobacteria","Burkholderiales","Aquaspirillaceae","Laribacter","hongkongensis"
"OTU651","OTU651_1","Bacteria","Proteobacteria","Gammaproteobacteria","Burkholderiales","Comamonadaceae","Rhodoferax","unclassified"
"OTU138","OTU138_1","Bacteria","Campylobacterota","Campylobacteria","Campylobacterales","Sulfurospirillaceae","Sulfurospirillum","unclassified"
"OTU637","OTU637_1","Bacteria","Proteobacteria","Gammaproteobacteria","Enterobacterales","Aeromonadaceae","Tolumonas","unclassified"
"OTU018","OTU018_1","Bacteria","Bacteroidota","Bacteroidia","Bacteroidales","Tannerellaceae","Macellibacteroides","unclassified"
"OTU634","OTU634_1","Bacteria","Cloacimonadota","Cloacimonadia","Cloacimonadales","Cloacimonadaceae","Candidatus Cloacimonas","unclassified"
"OTU056","OTU056_82","Bacteria","Firmicutes","Bacilli","Lactobacillales","Streptococcaceae","Streptococcus","minor"
"OTU625","OTU625_1","Bacteria","Chloroflexi","Anaerolineae","Anaerolineales","Anaerolineaceae","unclassified","unclassified"
"OTU639","OTU639_1","Bacteria","Campylobacterota","Campylobacteria","Campylobacterales","Arcobacteraceae","Pseudarcobacter","ellisii"
"OTU630","OTU630_1","Bacteria","Proteobacteria","Gammaproteobacteria","Thiotrichales","Thiotrichaceae","Thiothrix","unclassified"
"OTU088","OTU088_1","Bacteria","Proteobacteria","Gammaproteobacteria","Enterobacterales","Aeromonadaceae","Tolumonas","unclassified"
"OTU591","OTU591_1","Bacteria","Proteobacteria","Gammaproteobacteria","Pseudomonadales","Moraxellaceae","Acinetobacter","johnsonii"
"OTU080","OTU080_1","Bacteria","Firmicutes","Bacilli","Lactobacillales","Streptococcaceae","Streptococcus","unclassified"
"OTU135","OTU135_1","Bacteria","Bacteroidota","Bacteroidia","Flavobacteriales","Flavobacteriaceae","Flavobacterium","terrigena"
"OTU627","OTU627_1","Bacteria","Proteobacteria","Gammaproteobacteria","Burkholderiales","Comamonadaceae","Acidovorax","facilis"
"OTU078","OTU078_74","Bacteria","Proteobacteria","Gammaproteobacteria","Pseudomonadales","Pseudomonadaceae","Pseudomonas","migulae"
"OTU079","OTU079_1","Bacteria","Proteobacteria","Gammaproteobacteria","Burkholderiales","Rhodocyclaceae","Dechlorobacter","unclassified"
"OTU620","OTU620_1","Bacteria","Proteobacteria","Alphaproteobacteria","Rhizobiales","Rhizobiaceae","Allorhizobium-Neorhizobium-Pararhizobium-Rhizobium","unclassified"
"OTU096","OTU096_1","Bacteria","Proteobacteria","Gammaproteobacteria","Enterobacterales","Aeromonadaceae","Aeromonas","salmonicida"
"OTU106","OTU106_1","Bacteria","Chloroflexi","Anaerolineae","Anaerolineales","Anaerolineaceae","unclassified","unclassified"
"OTU616","OTU616_1","Bacteria","Fusobacteriota","Fusobacteriia","Fusobacteriales","Leptotrichiaceae","Leptotrichia","unclassified"
"OTU623","OTU623_1","Bacteria","Bacteroidota","Bacteroidia","Bacteroidales","Prolixibacteraceae","BSV13","unclassified"
"OTU061","OTU061_1","Bacteria","Firmicutes","Bacilli","Lactobacillales","Aerococcaceae","Aerococcus","urinaeequi"
"OTU610","OTU610_1","Bacteria","Proteobacteria","Gammaproteobacteria","Burkholderiales","Comamonadaceae","Comamonas","unclassified"
"OTU071","OTU071_1","Bacteria","Proteobacteria","Alphaproteobacteria","Rhizobiales","Stappiaceae","Pannonibacter","phragmitetus"
"OTU619","OTU619_1","Bacteria","Proteobacteria","Gammaproteobacteria","Burkholderiales","Comamonadaceae","Comamonas","kerstersii"
"OTU613","OTU613_1","Bacteria","Proteobacteria","Gammaproteobacteria","Xanthomonadales","Xanthomonadaceae","Stenotrophomonas","acidaminiphila"
"OTU633","OTU633_1","Bacteria","Firmicutes","Bacilli","Lactobacillales","Streptococcaceae","Streptococcus","parauberis"
"OTU017","OTU017_1","Bacteria","Bacteroidota","Bacteroidia","Flavobacteriales","Flavobacteriaceae","Flavobacterium","sasangense"
"OTU060","OTU060_1","Bacteria","Bacteroidota","Bacteroidia","Flavobacteriales","Weeksellaceae","Cloacibacterium","unclassified"
"OTU608","OTU608_1","Bacteria","Actinobacteriota","Actinobacteria","Micrococcales","Intrasporangiaceae","Ornithinibacter","unclassified"
"OTU074","OTU074_1","Bacteria","Proteobacteria","Gammaproteobacteria","Burkholderiales","Comamonadaceae","Rhodoferax","unclassified"
"OTU612","OTU612_1","Bacteria","Proteobacteria","Gammaproteobacteria","Burkholderiales","Comamonadaceae","Comamonas","testosteroni"
"OTU027","OTU027_1","Bacteria","Campylobacterota","Campylobacteria","Campylobacterales","Arcobacteraceae","Pseudarcobacter","unclassified"
"OTU015","OTU015_1","Bacteria","Campylobacterota","Campylobacteria","Campylobacterales","Arcobacteraceae","Pseudarcobacter","unclassified"
"OTU065","OTU065_1","Bacteria","Firmicutes","Clostridia","Clostridiales","Clostridiaceae","Clostridium sensu stricto 3","unclassified"
"OTU602","OTU602_1","Bacteria","Proteobacteria","Gammaproteobacteria","Pseudomonadales","Pseudomonadaceae","Pseudomonas","sihuiensis"
"OTU606","OTU606_1","Bacteria","Cloacimonadota","Cloacimonadia","Cloacimonadales","Cloacimonadaceae","Candidatus Cloacimonas","unclassified"
"OTU127","OTU127_1","Bacteria","Proteobacteria","Gammaproteobacteria","Burkholderiales","Comamonadaceae","Comamonas","denitrificans"
"OTU604","OTU604_1","Bacteria","Proteobacteria","Gammaproteobacteria","Competibacterales","Competibacteraceae","Candidatus Contendobacter","unclassified"
"OTU075","OTU075_1","Bacteria","Firmicutes","Bacilli","Lactobacillales","Streptococcaceae","Lactococcus","plantarum"
"OTU609","OTU609_1","Bacteria","Proteobacteria","Gammaproteobacteria","Thiotrichales","Thiotrichaceae","Thiothrix","unclassified"
"OTU624","OTU624_1","Bacteria","Proteobacteria","Gammaproteobacteria","Pseudomonadales","Moraxellaceae","Moraxella","osloensis"
"OTU618","OTU618_1","Bacteria","Proteobacteria","Gammaproteobacteria","Burkholderiales","Comamonadaceae","Comamonas","unclassified"
"OTU605","OTU605_1","Bacteria","Firmicutes","Bacilli","Lactobacillales","Lactobacillaceae","Weissella","confusa"
"OTU629","OTU629_1","Bacteria","Bacteroidota","Bacteroidia","Flavobacteriales","Weeksellaceae","unclassified","unclassified"
"OTU628","OTU628_1","Bacteria","Proteobacteria","Gammaproteobacteria","Burkholderiales","Comamonadaceae","Rhodoferax","unclassified"
"OTU631","OTU631_1","Bacteria","Proteobacteria","Gammaproteobacteria","Enterobacterales","Pasteurellaceae","Actinobacillus","unclassified"
"OTU595","OTU595_1","Bacteria","Proteobacteria","Gammaproteobacteria","Pseudomonadales","Moraxellaceae","Acinetobacter","tandoii"
"OTU101","OTU101_1","Bacteria","Firmicutes","Bacilli","Lactobacillales","Streptococcaceae","Lactococcus","lactis"
"OTU597","OTU597_1","Bacteria","Proteobacteria","Gammaproteobacteria","Burkholderiales","Rhodocyclaceae","Propionivibrio","unclassified"
"OTU594","OTU594_1","Bacteria","Proteobacteria","Gammaproteobacteria","Burkholderiales","Comamonadaceae","Hydrogenophaga","unclassified"
"OTU103","OTU103_1","Bacteria","Proteobacteria","Gammaproteobacteria","Pseudomonadales","Moraxellaceae","Acinetobacter","johnsonii"
"OTU032","OTU032_054","Bacteria","Firmicutes","Bacilli","Lactobacillales","Streptococcaceae","Streptococcus","infantarius"
"OTU607","OTU607_1","Bacteria","Firmicutes","Clostridia","Oscillospirales","Ruminococcaceae","Ruminococcus","unclassified"
"OTU611","OTU611_1","Bacteria","Actinobacteriota","Actinobacteria","Actinomycetales","Actinomycetaceae","unclassified","unclassified"
"OTU012","OTU012_1","Bacteria","Bacteroidota","Bacteroidia","Flavobacteriales","Weeksellaceae","Cloacibacterium","unclassified"
"OTU598","OTU598_1","Bacteria","Proteobacteria","Gammaproteobacteria","Burkholderiales","T34","unclassified","unclassified"
"OTU128","OTU128_1","Bacteria","Proteobacteria","Gammaproteobacteria","Pseudomonadales","Moraxellaceae","Acinetobacter","kyonggiensis"
"OTU589","OTU589_1","Bacteria","Proteobacteria","Gammaproteobacteria","Pseudomonadales","Moraxellaceae","Acinetobacter","unclassified"
"OTU131","OTU131_9","Bacteria","Proteobacteria","Gammaproteobacteria","Pseudomonadales","Moraxellaceae","Acinetobacter","towneri"
"OTU599","OTU599_1","Bacteria","Firmicutes","Incertae Sedis","DTU014","unclassified","unclassified","unclassified"
"OTU124","OTU124_1","Bacteria","Firmicutes","Bacilli","Lactobacillales","Carnobacteriaceae","Trichococcus","unclassified"
"OTU568","OTU568_1","Bacteria","Proteobacteria","Gammaproteobacteria","Pseudomonadales","Moraxellaceae","Acinetobacter","unclassified"
"OTU574","OTU574_1","Bacteria","Firmicutes","Clostridia","Eubacteriales","Eubacteriaceae","Acetobacterium","unclassified"
"OTU580","OTU580_1","Bacteria","Campylobacterota","Campylobacteria","Campylobacterales","Helicobacteraceae","Wolinella","succinogenes"
"OTU073","OTU073_1","Bacteria","Proteobacteria","Gammaproteobacteria","Pseudomonadales","Pseudomonadaceae","Pseudomonas","mendocina"
"OTU581","OTU581_1","Bacteria","Proteobacteria","Gammaproteobacteria","Burkholderiales","Comamonadaceae","Hydrogenophaga","pseudoflava"
"OTU582","OTU582_1","Bacteria","Proteobacteria","Alphaproteobacteria","Rhizobiales","Rhizobiaceae","Allorhizobium-Neorhizobium-Pararhizobium-Rhizobium","unclassified"
"OTU564","OTU564_1","Bacteria","Proteobacteria","Gammaproteobacteria","Thiotrichales","Thiotrichaceae","Thiothrix","flexilis"
"OTU615","OTU615_1","Bacteria","Bacteroidota","Bacteroidia","Flavobacteriales","Flavobacteriaceae","Flavobacterium","unclassified"
"OTU116","OTU116_1","Bacteria","Firmicutes","Clostridia","Clostridiales","Clostridiaceae","Clostridium sensu stricto 3","unclassified"
"OTU576","OTU576_1","Bacteria","Bacteroidota","Bacteroidia","Flavobacteriales","Weeksellaceae","Chryseobacterium","unclassified"
"OTU614","OTU614_1","Bacteria","Proteobacteria","Alphaproteobacteria","Rhodobacterales","Rhodobacteraceae","Paracoccus","unclassified"
"OTU592","OTU592_1","Bacteria","Proteobacteria","Gammaproteobacteria","Pseudomonadales","Moraxellaceae","Acinetobacter","haemolyticus"
"OTU586","OTU586_1","Bacteria","Firmicutes","Bacilli","Lactobacillales","Streptococcaceae","Streptococcus","ruminantium"
"OTU090","OTU090_1","Bacteria","Firmicutes","Bacilli","Lactobacillales","Streptococcaceae","Streptococcus","salivarius"
"OTU579","OTU579_1","Bacteria","Fusobacteriota","Fusobacteriia","Fusobacteriales","Leptotrichiaceae","Hypnocyclicus","unclassified"
"OTU617","OTU617_1","Bacteria","Proteobacteria","Alphaproteobacteria","Rhodobacterales","Rhodobacteraceae","Amaricoccus","unclassified"
"OTU076","OTU076_1","Bacteria","Proteobacteria","Gammaproteobacteria","Pseudomonadales","Moraxellaceae","Acinetobacter","unclassified"
"OTU077","OTU077_1","Bacteria","Firmicutes","Clostridia","Lachnospirales","Lachnospiraceae","XBB1006","unclassified"
"OTU626","OTU626_1","Bacteria","Proteobacteria","Gammaproteobacteria","Pseudomonadales","Moraxellaceae","Psychrobacter","faecalis"
"OTU068","OTU068_1","Bacteria","Firmicutes","Bacilli","Lactobacillales","Streptococcaceae","Streptococcus","parasuis"
"OTU565","OTU565_1","Bacteria","Proteobacteria","Gammaproteobacteria","Burkholderiales","Comamonadaceae","Simplicispira","unclassified"
"OTU562","OTU562_1","Bacteria","Firmicutes","Bacilli","Lactobacillales","Enterococcaceae","Enterococcus","saccharolyticus"
"OTU596","OTU596_1","Bacteria","Fusobacteriota","Fusobacteriia","Fusobacteriales","Leptotrichiaceae","Leptotrichia","unclassified"
"OTU622","OTU622_1","Bacteria","Proteobacteria","Gammaproteobacteria","Pseudomonadales","Moraxellaceae","Acinetobacter","johnsonii"
"OTU064","OTU064_1","Bacteria","Proteobacteria","Gammaproteobacteria","Burkholderiales","Neisseriaceae","Conchiformibius","unclassified"
"OTU558","OTU558_1","Bacteria","Proteobacteria","Alphaproteobacteria","Rhizobiales","Pleomorphomonadaceae","Pleomorphomonas","unclassified"
"OTU573","OTU573_1","Bacteria","Campylobacterota","Campylobacteria","Campylobacterales","Sulfurospirillaceae","Sulfurospirillum","unclassified"
"OTU551","OTU551_1","Bacteria","Proteobacteria","Gammaproteobacteria","Burkholderiales","Comamonadaceae","Simplicispira","metamorpha"
"OTU601","OTU601_1","Bacteria","Bacteroidota","Bacteroidia","Bacteroidales","Paludibacteraceae","Paludibacter","unclassified"
"OTU570","OTU570_1","Bacteria","Firmicutes","Negativicutes","Veillonellales-Selenomonadales","Selenomonadaceae","Selenomonas","lacticifex"
"OTU553","OTU553_1","Bacteria","Proteobacteria","Gammaproteobacteria","Burkholderiales","Comamonadaceae","Comamonas","aquatica"
"OTU577","OTU577_1","Bacteria","Proteobacteria","Gammaproteobacteria","Burkholderiales","Comamonadaceae","Hydrogenophaga","unclassified"
"OTU572","OTU572_1","Bacteria","Bacteroidota","Bacteroidia","Flavobacteriales","Flavobacteriaceae","Flavobacterium","unclassified"
"OTU537","OTU537_1","Bacteria","Actinobacteriota","Actinobacteria","Propionibacteriales","Propionibacteriaceae","Luteococcus","japonicus"
"OTU567","OTU567_1","Bacteria","Proteobacteria","Gammaproteobacteria","Pseudomonadales","Moraxellaceae","Acinetobacter","towneri"
"OTU538","OTU538_1","Bacteria","Bacteroidota","Bacteroidia","Bacteroidales","Rikenellaceae","dgA-11 gut group","unclassified"
"OTU539","OTU539_1","Bacteria","Proteobacteria","Gammaproteobacteria","Pseudomonadales","Moraxellaceae","Acinetobacter","unclassified"
"OTU040","OTU040_1","Bacteria","Firmicutes","Bacilli","Lactobacillales","Streptococcaceae","Lactococcus","raffinolactis"
"OTU561","OTU561_1","Bacteria","Proteobacteria","Alphaproteobacteria","Caulobacterales","Caulobacteraceae","Brevundimonas","terrae"
"OTU118","OTU118_1","Bacteria","Proteobacteria","Gammaproteobacteria","Burkholderiales","T34","unclassified","unclassified"
"OTU571","OTU571_1","Bacteria","Proteobacteria","Gammaproteobacteria","Thiotrichales","Thiotrichaceae","Thiothrix","unclassified"
"OTU104","OTU104_1","Bacteria","Campylobacterota","Campylobacteria","Campylobacterales","Arcobacteraceae","Arcobacter","unclassified"
"OTU546","OTU546_1","Bacteria","Proteobacteria","Gammaproteobacteria","Burkholderiales","Rhodocyclaceae","Dechloromonas","unclassified"
"OTU569","OTU569_1","Bacteria","Proteobacteria","Gammaproteobacteria","Burkholderiales","Comamonadaceae","Polaromonas","unclassified"
"OTU575","OTU575_1","Bacteria","Proteobacteria","Gammaproteobacteria","Enterobacterales","Enterobacteriaceae","Cronobacter","unclassified"
"OTU044","OTU044_1","Bacteria","Campylobacterota","Campylobacteria","Campylobacterales","Arcobacteraceae","Arcobacter","cryaerophilus"
"OTU059","OTU059_1","Bacteria","Proteobacteria","Gammaproteobacteria","Burkholderiales","Neisseriaceae","Vitreoscilla","unclassified"
"OTU566","OTU566_1","Bacteria","Proteobacteria","Gammaproteobacteria","Pseudomonadales","Pseudomonadaceae","Pseudomonas","unclassified"
"OTU153","OTU153_1","Bacteria","Proteobacteria","Alphaproteobacteria","Rhizobiales","Rhizobiaceae","Ochrobactrum","anthropi"
"OTU560","OTU560_1","Bacteria","Actinobacteriota","Actinobacteria","Propionibacteriales","Propionibacteriaceae","Micropruina","unclassified"
"OTU603","OTU603_1","Bacteria","Bacteroidota","Bacteroidia","Bacteroidales","Prevotellaceae","Prevotella","unclassified"
"OTU543","OTU543_1","Bacteria","Proteobacteria","Gammaproteobacteria","Burkholderiales","T34","unclassified","unclassified"
"OTU086","OTU086_23","Bacteria","Firmicutes","Bacilli","Lactobacillales","Enterococcaceae","Enterococcus","casseliflavus"
"OTU094","OTU094_1","Bacteria","Firmicutes","Negativicutes","Veillonellales-Selenomonadales","Selenomonadaceae","Mitsuokella","unclassified"
"OTU038","OTU038_085","Bacteria","Firmicutes","Bacilli","Lactobacillales","Enterococcaceae","Enterococcus","unclassified"
"OTU532","OTU532_1","Bacteria","Actinobacteriota","Actinobacteria","Micrococcales","Dermatophilaceae","Piscicoccus","intestinalis"
"OTU540","OTU540_1","Bacteria","Proteobacteria","Alphaproteobacteria","Rhizobiales","Rhizobiaceae","Allorhizobium-Neorhizobium-Pararhizobium-Rhizobium","unclassified"
"OTU590","OTU590_1","Bacteria","Bacteroidota","Bacteroidia","Bacteroidales","Prevotellaceae","Prevotella_7","unclassified"
"OTU147","OTU147_1","Bacteria","Proteobacteria","Gammaproteobacteria","Pseudomonadales","Moraxellaceae","Acinetobacter","unclassified"
"OTU142","OTU142_1","Bacteria","Firmicutes","Bacilli","Lactobacillales","Streptococcaceae","Lactococcus","piscium"
"OTU165","OTU165_1","Bacteria","Proteobacteria","Alphaproteobacteria","Rhodospirillales","unclassified","unclassified","unclassified"
"OTU544","OTU544_1","Bacteria","Proteobacteria","Alphaproteobacteria","Rhizobiales","Stappiaceae","Pannonibacter","phragmitetus"
"OTU563","OTU563_1","Bacteria","Proteobacteria","Gammaproteobacteria","Burkholderiales","Rhodocyclaceae","Dechlorobacter","unclassified"
"OTU149","OTU149_1","Bacteria","Proteobacteria","Gammaproteobacteria","Pseudomonadales","Pseudomonadaceae","Pseudomonas","formosensis"
"OTU168","OTU168_1","Bacteria","Firmicutes","Bacilli","Lactobacillales","Streptococcaceae","Lactococcus","plantarum"
"OTU174","OTU174_1","Bacteria","Cloacimonadota","Cloacimonadia","Cloacimonadales","Cloacimonadaceae","Candidatus Cloacimonas","unclassified"
"OTU545","OTU545_1","Bacteria","Actinobacteriota","Actinobacteria","Actinomycetales","Actinomycetaceae","Actinomyces","minihominis"
"OTU139","OTU139_1","Bacteria","Proteobacteria","Gammaproteobacteria","Burkholderiales","Comamonadaceae","Brachymonas","denitrificans"
"OTU154","OTU154_1","Bacteria","Firmicutes","Clostridia","Oscillospirales","Hungateiclostridiaceae","Saccharofermentans","unclassified"
"OTU554","OTU554_1","Bacteria","Proteobacteria","Gammaproteobacteria","Burkholderiales","Comamonadaceae","Simplicispira","unclassified"
"OTU176","OTU176_1","Bacteria","Fusobacteriota","Fusobacteriia","Fusobacteriales","Leptotrichiaceae","Hypnocyclicus","unclassified"
"OTU063","OTU063_1","Bacteria","Bacteroidota","Bacteroidia","Flavobacteriales","Weeksellaceae","Empedobacter","brevis"
"OTU593","OTU593_1","Bacteria","Proteobacteria","Alphaproteobacteria","Rhodobacterales","Rhodobacteraceae","Paracoccus","unclassified"
"OTU119","OTU119_1","Bacteria","Proteobacteria","Gammaproteobacteria","Enterobacterales","Enterobacteriaceae","Lelliottia","unclassified"
"OTU549","OTU549_1","Bacteria","Bacteroidota","Bacteroidia","Bacteroidales","Paludibacteraceae","Paludibacter","unclassified"
"OTU180","OTU180_1","Bacteria","Desulfobacterota","Desulfovibrionia","Desulfovibrionales","Desulfomicrobiaceae","Desulfomicrobium","unclassified"
"OTU185","OTU185_1","Bacteria","Proteobacteria","Gammaproteobacteria","Burkholderiales","Rhodocyclaceae","Dechloromonas","unclassified"
"OTU081","OTU081_1","Bacteria","Proteobacteria","Gammaproteobacteria","Burkholderiales","Rhodocyclaceae","Propionivibrio","unclassified"
"OTU166","OTU166_1","Bacteria","Actinobacteriota","Actinobacteria","Corynebacteriales","Nocardiaceae","Gordonia","amarae"
"OTU145","OTU145_1","Bacteria","Fusobacteriota","Fusobacteriia","Fusobacteriales","Leptotrichiaceae","unclassified","unclassified"
"OTU181","OTU181_1","Bacteria","Actinobacteriota","Actinobacteria","Corynebacteriales","Mycobacteriaceae","Mycobacterium","unclassified"
"OTU058","OTU058_1","Bacteria","Verrucomicrobiota","Verrucomicrobiae","Verrucomicrobiales","Akkermansiaceae","Akkermansia","muciniphila"
"OTU082","OTU082_1","Bacteria","Proteobacteria","Gammaproteobacteria","Burkholderiales","Comamonadaceae","Brachymonas","unclassified"
"OTU588","OTU588_1","Bacteria","Actinobacteriota","Actinobacteria","Propionibacteriales","Propionibacteriaceae","Micropruina","unclassified"
"OTU188","OTU188_1","Bacteria","Bacteroidota","Bacteroidia","Bacteroidales","Rikenellaceae","DMER64","unclassified"
"OTU587","OTU587_1","Bacteria","Proteobacteria","Gammaproteobacteria","Pseudomonadales","Moraxellaceae","Acinetobacter","towneri"
"OTU541","OTU541_1","Bacteria","Proteobacteria","Gammaproteobacteria","Pseudomonadales","Moraxellaceae","Acinetobacter","johnsonii"
"OTU585","OTU585_1","Bacteria","Proteobacteria","Gammaproteobacteria","Pseudomonadales","Moraxellaceae","Enhydrobacter","unclassified"
"OTU584","OTU584_1","Bacteria","Bacteroidota","Bacteroidia","Flavobacteriales","Weeksellaceae","Cloacibacterium","normanense"
"OTU583","OTU583_1","Bacteria","Proteobacteria","Gammaproteobacteria","Run-SP154","unclassified","unclassified","unclassified"
"OTU197","OTU197_1","Bacteria","Actinobacteriota","Actinobacteria","Corynebacteriales","Mycobacteriaceae","Mycobacterium","peregrinum"
"OTU097","OTU097_1","Bacteria","Proteobacteria","Gammaproteobacteria","Enterobacterales","Alteromonadaceae","Alishewanella","unclassified"
"OTU172","OTU172_1","Bacteria","Actinobacteriota","Actinobacteria","Corynebacteriales","Nocardiaceae","Rhodococcus","fascians"
"OTU084","OTU084_1","Bacteria","Proteobacteria","Gammaproteobacteria","Burkholderiales","Rhodocyclaceae","Propionivibrio","unclassified"
"OTU542","OTU542_1","Bacteria","Firmicutes","Negativicutes","Veillonellales-Selenomonadales","Selenomonadaceae","Mitsuokella","unclassified"
"OTU578","OTU578_1","Bacteria","Campylobacterota","Campylobacteria","Campylobacterales","Arcobacteraceae","Pseudarcobacter","unclassified"
"OTU010","OTU010_011","Bacteria","Proteobacteria","Gammaproteobacteria","Burkholderiales","Comamonadaceae","Acidovorax","carolinensis"
"OTU121","OTU121_1","Bacteria","Firmicutes","Negativicutes","Veillonellales-Selenomonadales","Selenomonadaceae","Mitsuokella","unclassified"
"OTU171","OTU171_1","Bacteria","Proteobacteria","Gammaproteobacteria","Burkholderiales","Rhodocyclaceae","Dechloromonas","unclassified"
"OTU199","OTU199_1","Bacteria","Desulfobacterota","Desulfuromonadia","Geobacterales","Geobacteraceae","Trichlorobacter","unclassified"
"OTU078","OTU078_26","Bacteria","Proteobacteria","Gammaproteobacteria","Pseudomonadales","Pseudomonadaceae","Pseudomonas","unclassified"
"OTU095","OTU095_1","Bacteria","Proteobacteria","Gammaproteobacteria","Pseudomonadales","Pseudomonadaceae","Pseudomonas","peli"
"OTU189","OTU189_1","Bacteria","Bacteroidota","Bacteroidia","Bacteroidales","Dysgonomonadaceae","Dysgonomonas","mossii"
"OTU200","OTU200_1","Bacteria","Proteobacteria","Gammaproteobacteria","Burkholderiales","Comamonadaceae","Rhodoferax","unclassified"
"OTU157","OTU157_1","Bacteria","Proteobacteria","Gammaproteobacteria","Burkholderiales","Rhodocyclaceae","Dechloromonas","unclassified"
"OTU559","OTU559_1","Bacteria","Proteobacteria","Gammaproteobacteria","Pseudomonadales","Moraxellaceae","Acinetobacter","gandensis"
"OTU208","OTU208_1","Bacteria","Firmicutes","Bacilli","Lactobacillales","Streptococcaceae","Lactococcus","taiwanensis"
"OTU535","OTU535_1","Bacteria","Bacteroidota","Bacteroidia","Flavobacteriales","Flavobacteriaceae","Flavobacterium","succinicans"
"OTU113","OTU113_1","Bacteria","Proteobacteria","Gammaproteobacteria","Xanthomonadales","Xanthomonadaceae","Stenotrophomonas","nitritireducens"
"OTU047","OTU047_1","Bacteria","Firmicutes","Clostridia","Lachnospirales","Lachnospiraceae","Lachnospiraceae NK3A20 group","unclassified"
"OTU556","OTU556_1","Bacteria","Firmicutes","Negativicutes","Veillonellales-Selenomonadales","Selenomonadaceae","Propionispira","arcuata"
"OTU557","OTU557_1","Bacteria","Proteobacteria","Gammaproteobacteria","Enterobacterales","Alteromonadaceae","Alishewanella","unclassified"
"OTU105","OTU105_1","Bacteria","Firmicutes","Negativicutes","Veillonellales-Selenomonadales","Selenomonadaceae","unclassified","unclassified"
"OTU219","OTU219_1","Bacteria","Proteobacteria","Alphaproteobacteria","Rhizobiales","Xanthobacteraceae","Ancylobacter","unclassified"
"OTU167","OTU167_1","Bacteria","Proteobacteria","Alphaproteobacteria","Rhodobacterales","Rhodobacteraceae","Thioclava","unclassified"
"OTU552","OTU552_1","Bacteria","Firmicutes","Negativicutes","Veillonellales-Selenomonadales","Selenomonadaceae","Selenomonas","lacticifex"
"OTU533","OTU533_1","Bacteria","Bacteroidota","Bacteroidia","Bacteroidales","Rikenellaceae","unclassified","unclassified"
"OTU225","OTU225_1","Bacteria","Proteobacteria","Gammaproteobacteria","Burkholderiales","Neisseriaceae","Vitreoscilla","unclassified"
"OTU215","OTU215_1","Bacteria","Bacteroidota","Bacteroidia","Flavobacteriales","Flavobacteriaceae","unclassified","unclassified"
"OTU548","OTU548_1","Bacteria","Proteobacteria","Gammaproteobacteria","Burkholderiales","Oxalobacteraceae","Janthinobacterium","lividum"
"OTU547","OTU547_1","Bacteria","Proteobacteria","Gammaproteobacteria","Enterobacterales","Pasteurellaceae","Actinobacillus","indolicus"
"OTU246","OTU246_1","Bacteria","Firmicutes","Bacilli","Lactobacillales","Streptococcaceae","Streptococcus","minor"
"OTU150","OTU150_1","Bacteria","Bacteroidota","Bacteroidia","Bacteroidales","Rikenellaceae","Alistipes","putredinis"
"OTU245","OTU245_1","Bacteria","Bacteroidota","Bacteroidia","Flavobacteriales","Flavobacteriaceae","Flavobacterium","unclassified"
"OTU236","OTU236_1","Bacteria","Proteobacteria","Gammaproteobacteria","Burkholderiales","Rhodocyclaceae","Uliginosibacterium","unclassified"
"OTU211","OTU211_1","Bacteria","Campylobacterota","Campylobacteria","Campylobacterales","Sulfurospirillaceae","Sulfurospirillum","unclassified"
"OTU227","OTU227_1","Bacteria","Proteobacteria","Gammaproteobacteria","Pseudomonadales","Moraxellaceae","Acinetobacter","tandoii"
"OTU069","OTU069_1","Bacteria","Firmicutes","Bacilli","Lactobacillales","Streptococcaceae","Streptococcus","equinus"
"OTU194","OTU194_1","Bacteria","Proteobacteria","Gammaproteobacteria","Pseudomonadales","Moraxellaceae","Acinetobacter","unclassified"
"OTU260","OTU260_1","Bacteria","Proteobacteria","Gammaproteobacteria","Pseudomonadales","Moraxellaceae","Acinetobacter","towneri"
"OTU039","OTU039_1","Bacteria","Firmicutes","Bacilli","Lactobacillales","Streptococcaceae","Streptococcus","orisratti"
"OTU179","OTU179_1","Bacteria","Firmicutes","Negativicutes","Veillonellales-Selenomonadales","Selenomonadaceae","Mitsuokella","unclassified"
"OTU205","OTU205_1","Bacteria","Proteobacteria","Alphaproteobacteria","Rhodobacterales","Rhodobacteraceae","Paracoccus","unclassified"
"OTU043","OTU043_57","Bacteria","Proteobacteria","Gammaproteobacteria","Burkholderiales","Oxalobacteraceae","Janthinobacterium","unclassified"
"OTU098","OTU098_65","Bacteria","Desulfobacterota","Desulfovibrionia","Desulfovibrionales","Desulfomicrobiaceae","Desulfomicrobium","unclassified"
"OTU161","OTU161_1","Bacteria","Proteobacteria","Gammaproteobacteria","Burkholderiales","Comamonadaceae","Aquabacterium","unclassified"
"OTU536","OTU536_1","Bacteria","Proteobacteria","Gammaproteobacteria","Burkholderiales","Rhodocyclaceae","Candidatus Accumulibacter","unclassified"
"OTU056","OTU056_18","Bacteria","Firmicutes","Bacilli","Lactobacillales","Streptococcaceae","Streptococcus","unclassified"
"OTU091","OTU091_1","Bacteria","Proteobacteria","Gammaproteobacteria","Burkholderiales","Rhodocyclaceae","Thauera","unclassified"
"OTU048","OTU048_1","Bacteria","Firmicutes","Negativicutes","Veillonellales-Selenomonadales","Selenomonadaceae","Mitsuokella","unclassified"
"OTU087","OTU087_1","Bacteria","Proteobacteria","Gammaproteobacteria","Enterobacterales","Yersiniaceae","Yersinia","massiliensis"
"OTU143","OTU143_1","Bacteria","Firmicutes","Negativicutes","Veillonellales-Selenomonadales","Veillonellaceae","Megasphaera","unclassified"
"OTU144","OTU144_1","Bacteria","Proteobacteria","Gammaproteobacteria","Burkholderiales","Rhodocyclaceae","Dechloromonas","unclassified"
"OTU221","OTU221_1","Bacteria","Bacteroidota","Bacteroidia","Flavobacteriales","Flavobacteriaceae","Flavobacterium","unclassified"
"OTU187","OTU187_1","Bacteria","Proteobacteria","Gammaproteobacteria","Burkholderiales","Rhodocyclaceae","Propionivibrio","unclassified"
"OTU146","OTU146_1","Bacteria","Proteobacteria","Gammaproteobacteria","Burkholderiales","Comamonadaceae","Rhodoferax","unclassified"
"OTU162","OTU162_1","Bacteria","Proteobacteria","Gammaproteobacteria","Enterobacterales","Aeromonadaceae","Aeromonas","unclassified"
"OTU263","OTU263_1","Bacteria","Proteobacteria","Gammaproteobacteria","Competibacterales","Competibacteraceae","Candidatus Competibacter","unclassified"
"OTU274","OTU274_1","Bacteria","Deferribacterota","Deferribacteres","Deferribacterales","Deferribacteraceae","Seleniivibrio","unclassified"
"OTU212","OTU212_1","Bacteria","Bacteroidota","Bacteroidia","Chitinophagales","37-13","unclassified","unclassified"
"OTU214","OTU214_1","Bacteria","Firmicutes","Bacilli","Lactobacillales","Lactobacillaceae","Leuconostoc","lactis"
"OTU148","OTU148_1","Bacteria","Firmicutes","Clostridia","Oscillospirales","Ruminococcaceae","Subdoligranulum","unclassified"
"OTU213","OTU213_1","Bacteria","Actinobacteriota","Actinobacteria","Micrococcales","Intrasporangiaceae","Tetrasphaera","unclassified"
"OTU248","OTU248_1","Bacteria","Acidobacteriota","Holophagae","Holophagales","Holophagaceae","Holophaga","unclassified"
"OTU151","OTU151_1","Bacteria","Actinobacteriota","Actinobacteria","Bifidobacteriales","Bifidobacteriaceae","Bifidobacterium","thermophilum"
"OTU152","OTU152_1","Bacteria","Proteobacteria","Gammaproteobacteria","Burkholderiales","Rhodocyclaceae","Propionivibrio","unclassified"
"OTU242","OTU242_1","Bacteria","Firmicutes","Negativicutes","Veillonellales-Selenomonadales","Selenomonadaceae","Megamonas","unclassified"
"OTU198","OTU198_1","Bacteria","Firmicutes","Clostridia","Lachnospirales","Lachnospiraceae","Lachnospiraceae NK3A20 group","unclassified"
"OTU156","OTU156_1","Bacteria","Proteobacteria","Gammaproteobacteria","Burkholderiales","Comamonadaceae","Hydrogenophaga","unclassified"
"OTU262","OTU262_1","Bacteria","Firmicutes","Bacilli","Lactobacillales","Streptococcaceae","Lactococcus","hircilactis"
"OTU159","OTU159_1","Bacteria","Proteobacteria","Gammaproteobacteria","Burkholderiales","Rhodocyclaceae","Thauera","terpenica"
"OTU184","OTU184_1","Bacteria","Actinobacteriota","Actinobacteria","Micrococcales","Microbacteriaceae","Microbacterium","schleiferi"
"OTU234","OTU234_1","Bacteria","Proteobacteria","Gammaproteobacteria","Burkholderiales","Comamonadaceae","Comamonas","denitrificans"
"OTU160","OTU160_1","Bacteria","Firmicutes","Bacilli","Lactobacillales","Enterococcaceae","Enterococcus","italicus"
"OTU206","OTU206_1","Bacteria","Proteobacteria","Gammaproteobacteria","Burkholderiales","T34","unclassified","unclassified"
"OTU264","OTU264_1","Bacteria","Proteobacteria","Alphaproteobacteria","Rhodobacterales","Rhodobacteraceae","Pseudorhodobacter","unclassified"
"OTU255","OTU255_1","Bacteria","Proteobacteria","Gammaproteobacteria","Burkholderiales","Comamonadaceae","Macromonas","unclassified"
"OTU289","OTU289_1","Bacteria","Proteobacteria","Alphaproteobacteria","Rhizobiales","Rhizobiaceae","Ochrobactrum","unclassified"
"OTU257","OTU257_1","Bacteria","Actinobacteriota","Acidimicrobiia","Microtrichales","Microtrichaceae","Candidatus Microthrix","unclassified"
"OTU600","OTU600_1","Bacteria","Campylobacterota","Campylobacteria","Campylobacterales","Arcobacteraceae","Pseudarcobacter","unclassified"
"OTU066","OTU066_1","Bacteria","Firmicutes","Negativicutes","Veillonellales-Selenomonadales","Selenomonadaceae","Mitsuokella","unclassified"
"OTU163","OTU163_1","Bacteria","Proteobacteria","Gammaproteobacteria","Pseudomonadales","Moraxellaceae","Acinetobacter","unclassified"
"OTU267","OTU267_1","Bacteria","Proteobacteria","Gammaproteobacteria","Burkholderiales","Comamonadaceae","Hydrogenophaga","unclassified"
"OTU114","OTU114_1","Bacteria","Bacteroidota","Bacteroidia","Flavobacteriales","Weeksellaceae","Cloacibacterium","unclassified"
"OTU186","OTU186_1","Bacteria","Actinobacteriota","Actinobacteria","Micrococcales","Intrasporangiaceae","Tetrasphaera","unclassified"
"OTU239","OTU239_1","Bacteria","Actinobacteriota","Actinobacteria","Corynebacteriales","Corynebacteriaceae","Corynebacterium","vitaeruminis"
"OTU164","OTU164_1","Bacteria","Firmicutes","Bacilli","Lactobacillales","Enterococcaceae","Enterococcus","italicus"
"OTU218","OTU218_1","Bacteria","Desulfobacterota","Desulfobulbia","Desulfobulbales","Desulfobulbaceae","Desulfobulbus","unclassified"
"OTU254","OTU254_1","Bacteria","Fusobacteriota","Fusobacteriia","Fusobacteriales","Leptotrichiaceae","Leptotrichia","unclassified"
"OTU173","OTU173_1","Bacteria","Firmicutes","Bacilli","Lactobacillales","Streptococcaceae","Streptococcus","parasuis"
"OTU250","OTU250_1","Bacteria","Proteobacteria","Gammaproteobacteria","Burkholderiales","Comamonadaceae","Comamonas","unclassified"
"OTU290","OTU290_1","Bacteria","Firmicutes","Clostridia","Eubacteriales","Eubacteriaceae","Acetobacterium","unclassified"
"OTU169","OTU169_1","Bacteria","Bacteroidota","Bacteroidia","Bacteroidales","Rikenellaceae","DMER64","unclassified"
"OTU170","OTU170_1","Bacteria","Bacteroidota","Bacteroidia","Bacteroidales","Rikenellaceae","Rikenellaceae RC9 gut group","unclassified"
"OTU297","OTU297_1","Bacteria","Firmicutes","Clostridia","Eubacteriales","Eubacteriaceae","Acetobacterium","unclassified"
"OTU034","OTU034_1","Bacteria","Proteobacteria","Gammaproteobacteria","Enterobacterales","Alteromonadaceae","Alishewanella","unclassified"
"OTU049","OTU049_1","Bacteria","Firmicutes","Bacilli","Lactobacillales","Lactobacillaceae","Lactobacillus","delbrueckii"
"OTU195","OTU195_1","Bacteria","Chloroflexi","Anaerolineae","Anaerolineales","Anaerolineaceae","unclassified","unclassified"
"OTU050","OTU050_08","Bacteria","Firmicutes","Bacilli","Lactobacillales","Streptococcaceae","Streptococcus","minor"
"OTU177","OTU177_1","Bacteria","Proteobacteria","Gammaproteobacteria","Burkholderiales","Aquaspirillaceae","Aquaspirillum","serpens"
"OTU280","OTU280_1","Bacteria","Firmicutes","Bacilli","Lactobacillales","Streptococcaceae","Lactococcus","plantarum"
"OTU133","OTU133_1","Bacteria","Proteobacteria","Gammaproteobacteria","Burkholderiales","Rhodocyclaceae","Candidatus Accumulibacter","unclassified"
"OTU270","OTU270_1","Bacteria","Actinobacteriota","Actinobacteria","Micrococcales","Microbacteriaceae","unclassified","unclassified"
"OTU178","OTU178_1","Bacteria","Firmicutes","Clostridia","Oscillospirales","Ruminococcaceae","Ruminococcus","bromii"
"OTU201","OTU201_1","Bacteria","Myxococcota","Polyangia","mle1-27","unclassified","unclassified","unclassified"
"OTU182","OTU182_1","Bacteria","Actinobacteriota","Actinobacteria","Corynebacteriales","Nocardiaceae","Rhodococcus","yunnanensis"
"OTU183","OTU183_1","Bacteria","Hydrothermae","unclassified","unclassified","unclassified","unclassified","unclassified"
"OTU293","OTU293_1","Bacteria","Firmicutes","Bacilli","Lactobacillales","Streptococcaceae","Streptococcus","minor"
"OTU320","OTU320_1","Bacteria","Campylobacterota","Campylobacteria","Campylobacterales","Arcobacteraceae","unclassified","unclassified"
"OTU292","OTU292_1","Bacteria","Actinobacteriota","Acidimicrobiia","Microtrichales","Iamiaceae","Iamia","unclassified"
"OTU318","OTU318_1","Bacteria","Proteobacteria","Gammaproteobacteria","Pseudomonadales","Moraxellaceae","Acinetobacter","unclassified"
"OTU043","OTU043_43","Bacteria","Proteobacteria","Gammaproteobacteria","Burkholderiales","Oxalobacteraceae","Janthinobacterium","lividum"
"OTU190","OTU190_1","Bacteria","Firmicutes","Clostridia","Eubacteriales","Eubacteriaceae","unclassified","unclassified"
"OTU191","OTU191_1","Bacteria","Bacteroidota","Bacteroidia","Flavobacteriales","Flavobacteriaceae","Flavobacterium","lutivivi"
"OTU192","OTU192_1","Bacteria","Proteobacteria","Gammaproteobacteria","Enterobacterales","Pasteurellaceae","Actinobacillus","indolicus"
"OTU621","OTU621_1","Bacteria","Proteobacteria","Gammaproteobacteria","Pseudomonadales","Moraxellaceae","Acinetobacter","unclassified"
"OTU193","OTU193_1","Bacteria","Proteobacteria","Gammaproteobacteria","Enterobacterales","Enterobacteriaceae","Raoultella","ornithinolytica"
"OTU196","OTU196_1","Bacteria","Firmicutes","Bacilli","Exiguobacterales","Exiguobacteraceae","Exiguobacterium","sibiricum"
"OTU202","OTU202_1","Bacteria","Proteobacteria","Gammaproteobacteria","Pseudomonadales","Moraxellaceae","Psychrobacter","faecalis"
"OTU277","OTU277_1","Bacteria","Proteobacteria","Alphaproteobacteria","Azospirillales","Azospirillaceae","Azospirillum","halopraeferens"
"OTU203","OTU203_1","Bacteria","Firmicutes","Clostridia","Oscillospirales","Oscillospiraceae","NK4A214 group","unclassified"
"OTU204","OTU204_1","Bacteria","Proteobacteria","Gammaproteobacteria","Pseudomonadales","Moraxellaceae","Acinetobacter","unclassified"
"OTU291","OTU291_1","Bacteria","Proteobacteria","Gammaproteobacteria","Enterobacterales","Aeromonadaceae","Aeromonas","veronii"
"OTU207","OTU207_1","Bacteria","Bacteroidota","Bacteroidia","Flavobacteriales","Flavobacteriaceae","Flavobacterium","succinicans"
"OTU209","OTU209_1","Bacteria","Proteobacteria","Gammaproteobacteria","Burkholderiales","Comamonadaceae","Rhodoferax","unclassified"
"OTU210","OTU210_1","Bacteria","Proteobacteria","Gammaproteobacteria","Enterobacterales","Enterobacteriaceae","Lelliottia","unclassified"
"OTU126","OTU126_1","Bacteria","Firmicutes","Bacilli","Lactobacillales","Streptococcaceae","Streptococcus","gallolyticus"
"OTU346","OTU346_1","Bacteria","Desulfobacterota","Desulfobulbia","Desulfobulbales","Desulfobulbaceae","Desulfobulbus","unclassified"
"OTU361","OTU361_1","Bacteria","Firmicutes","Bacilli","Lactobacillales","Streptococcaceae","Streptococcus","minor"
"OTU351","OTU351_1","Bacteria","Proteobacteria","Gammaproteobacteria","Burkholderiales","Comamonadaceae","Acidovorax","caeni"
"OTU070","OTU070_1","Bacteria","Firmicutes","Bacilli","Lactobacillales","Lactobacillaceae","Lactobacillus","delbrueckii"
"OTU216","OTU216_1","Bacteria","Cyanobacteria","Cyanobacteriia","Leptolyngbyales","Leptolyngbyaceae","unclassified","unclassified"
"OTU217","OTU217_1","Bacteria","Firmicutes","Negativicutes","Veillonellales-Selenomonadales","Veillonellaceae","Megasphaera","unclassified"
"OTU324","OTU324_1","Bacteria","Proteobacteria","Alphaproteobacteria","Rhodobacterales","Rhodobacteraceae","Paracoccus","unclassified"
"OTU057","OTU057_1","Bacteria","Bacteroidota","Bacteroidia","Bacteroidales","Tannerellaceae","Macellibacteroides","unclassified"
"OTU220","OTU220_1","Bacteria","Proteobacteria","Gammaproteobacteria","Burkholderiales","Rhodocyclaceae","Dechlorobacter","unclassified"
"OTU222","OTU222_1","Bacteria","Campylobacterota","Campylobacteria","Campylobacterales","Sulfurimonadaceae","Sulfuricurvum","unclassified"
"OTU305","OTU305_1","Bacteria","Proteobacteria","Gammaproteobacteria","Burkholderiales","Rhodocyclaceae","Propionivibrio","unclassified"
"OTU223","OTU223_1","Bacteria","Bacteroidota","Bacteroidia","Bacteroidales","Paludibacteraceae","Paludibacter","unclassified"
"OTU224","OTU224_1","Bacteria","Proteobacteria","Gammaproteobacteria","Burkholderiales","Comamonadaceae","Rhodoferax","unclassified"
"OTU226","OTU226_1","Bacteria","Proteobacteria","Gammaproteobacteria","Burkholderiales","Rhodocyclaceae","Zoogloea","unclassified"
"OTU228","OTU228_1","Bacteria","Proteobacteria","Gammaproteobacteria","Burkholderiales","Rhodocyclaceae","Propionivibrio","unclassified"
"OTU229","OTU229_1","Bacteria","Bacteroidota","Bacteroidia","Flavobacteriales","Weeksellaceae","Empedobacter","brevis"
"OTU130","OTU130_1","Bacteria","Proteobacteria","Gammaproteobacteria","Burkholderiales","Rhodocyclaceae","Thauera","unclassified"
"OTU230","OTU230_1","Bacteria","Proteobacteria","Gammaproteobacteria","Burkholderiales","Comamonadaceae","Rhodoferax","unclassified"
"OTU231","OTU231_1","Bacteria","Bacteroidota","Bacteroidia","Bacteroidales","Paludibacteraceae","unclassified","unclassified"
"OTU232","OTU232_1","Bacteria","Proteobacteria","Gammaproteobacteria","Xanthomonadales","Xanthomonadaceae","Stenotrophomonas","nitritireducens"
"OTU233","OTU233_1","Bacteria","Proteobacteria","Gammaproteobacteria","Pseudomonadales","Moraxellaceae","Acinetobacter","guillouiae"
"OTU359","OTU359_1","Bacteria","Proteobacteria","Gammaproteobacteria","Xanthomonadales","Xanthomonadaceae","Stenotrophomonas","acidaminiphila"
"OTU237","OTU237_1","Bacteria","Firmicutes","Bacilli","Lactobacillales","Lactobacillaceae","Limosilactobacillus","unclassified"
"OTU238","OTU238_1","Bacteria","Proteobacteria","Gammaproteobacteria","Pseudomonadales","Moraxellaceae","Acinetobacter","unclassified"
"OTU240","OTU240_1","Bacteria","Proteobacteria","Gammaproteobacteria","Burkholderiales","Comamonadaceae","Candidatus Symbiobacter","unclassified"
"OTU241","OTU241_1","Bacteria","Proteobacteria","Gammaproteobacteria","Burkholderiales","Comamonadaceae","Polaromonas","unclassified"
"OTU243","OTU243_1","Bacteria","Bacteroidota","Bacteroidia","Flavobacteriales","Flavobacteriaceae","Flavobacterium","succinicans"
"OTU534","OTU534_1","Bacteria","Campylobacterota","Campylobacteria","Campylobacterales","Arcobacteraceae","Pseudarcobacter","unclassified"
"OTU098","OTU098_35","Bacteria","Desulfobacterota","Desulfovibrionia","Desulfovibrionales","Desulfomicrobiaceae","Desulfomicrobium","baculatum"
"OTU244","OTU244_1","Bacteria","Proteobacteria","Gammaproteobacteria","Burkholderiales","Comamonadaceae","Acidovorax","unclassified"
"OTU247","OTU247_1","Bacteria","Proteobacteria","Gammaproteobacteria","Burkholderiales","Comamonadaceae","Simplicispira","unclassified"
"OTU019","OTU019_089","Bacteria","Proteobacteria","Gammaproteobacteria","Enterobacterales","Yersiniaceae","Yersinia","kristensenii"
"OTU251","OTU251_1","Bacteria","Firmicutes","Incertae Sedis","DTU014","unclassified","unclassified","unclassified"
"OTU252","OTU252_1","Bacteria","Firmicutes","Bacilli","Lactobacillales","Lactobacillaceae","Weissella","ghanensis"
"OTU253","OTU253_1","Bacteria","Bacteroidota","Bacteroidia","Flavobacteriales","Flavobacteriaceae","Flavobacterium","succinicans"
"OTU256","OTU256_1","Bacteria","Campylobacterota","Campylobacteria","Campylobacterales","Sulfurospirillaceae","Sulfurospirillum","deleyianum"
"OTU258","OTU258_1","Bacteria","Proteobacteria","Gammaproteobacteria","Burkholderiales","Comamonadaceae","Simplicispira","unclassified"
"OTU259","OTU259_1","Bacteria","Bacteroidota","Bacteroidia","Flavobacteriales","Flavobacteriaceae","Flavobacterium","unclassified"
"OTU375","OTU375_1","Bacteria","Proteobacteria","Gammaproteobacteria","Burkholderiales","Comamonadaceae","Acidovorax","unclassified"
"OTU261","OTU261_1","Bacteria","Verrucomicrobiota","Verrucomicrobiae","LD1-PB3","unclassified","unclassified","unclassified"
"OTU350","OTU350_1","Bacteria","Proteobacteria","Gammaproteobacteria","Enterobacterales","Aeromonadaceae","Tolumonas","unclassified"
"OTU265","OTU265_1","Bacteria","Synergistota","Synergistia","Synergistales","Synergistaceae","Aminomonas","paucivorans"
"OTU266","OTU266_1","Bacteria","Proteobacteria","Gammaproteobacteria","Burkholderiales","Comamonadaceae","Diaphorobacter","unclassified"
"OTU268","OTU268_1","Bacteria","Proteobacteria","Gammaproteobacteria","Burkholderiales","Comamonadaceae","Rhodoferax","unclassified"
"OTU269","OTU269_1","Bacteria","Proteobacteria","Gammaproteobacteria","Burkholderiales","Rhodocyclaceae","Zoogloea","unclassified"
"OTU377","OTU377_1","Bacteria","Proteobacteria","Gammaproteobacteria","Burkholderiales","T34","unclassified","unclassified"
"OTU271","OTU271_1","Bacteria","Bacteroidota","Bacteroidia","Flavobacteriales","Weeksellaceae","Chryseobacterium","unclassified"
"OTU272","OTU272_1","Bacteria","Firmicutes","Incertae Sedis","DTU014","unclassified","unclassified","unclassified"
"OTU273","OTU273_1","Bacteria","Chloroflexi","Chloroflexia","Chloroflexales","Roseiflexaceae","unclassified","unclassified"
"OTU275","OTU275_1","Bacteria","Proteobacteria","Gammaproteobacteria","Burkholderiales","Comamonadaceae","Acidovorax","carolinensis"
"OTU276","OTU276_1","Bacteria","Fusobacteriota","Fusobacteriia","Fusobacteriales","Leptotrichiaceae","unclassified","unclassified"
"OTU301","OTU301_1","Bacteria","Desulfobacterota","Syntrophia","Syntrophales","Smithellaceae","Smithella","unclassified"
"OTU306","OTU306_1","Bacteria","Actinobacteriota","Actinobacteria","Bifidobacteriales","Bifidobacteriaceae","Bifidobacterium","psychraerophilum"
"OTU155","OTU155_1","Bacteria","Proteobacteria","Gammaproteobacteria","Enterobacterales","Enterobacteriaceae","Citrobacter","werkmanii"
"OTU278","OTU278_1","Bacteria","Proteobacteria","Gammaproteobacteria","Burkholderiales","Rhodocyclaceae","Zoogloea","unclassified"
"OTU279","OTU279_1","Bacteria","Proteobacteria","Gammaproteobacteria","Burkholderiales","Rhodocyclaceae","Dechloromonas","unclassified"
"OTU281","OTU281_1","Bacteria","Desulfobacterota","Desulfovibrionia","Desulfovibrionales","Desulfomicrobiaceae","Desulfomicrobium","unclassified"
"OTU282","OTU282_1","Bacteria","Firmicutes","Clostridia","Clostridia UCG-014","unclassified","unclassified","unclassified"
"OTU283","OTU283_1","Bacteria","Proteobacteria","Gammaproteobacteria","Thiotrichales","Thiotrichaceae","Thiothrix","unclassified"
"OTU284","OTU284_1","Bacteria","Proteobacteria","Gammaproteobacteria","Burkholderiales","Comamonadaceae","Acidovorax","unclassified"
"OTU550","OTU550_1","Bacteria","Proteobacteria","Gammaproteobacteria","Xanthomonadales","Xanthomonadaceae","Xanthomonas","translucens"
"OTU115","OTU115_1","Bacteria","Proteobacteria","Gammaproteobacteria","Burkholderiales","Comamonadaceae","Rhodoferax","unclassified"
"OTU285","OTU285_1","Bacteria","Bacteroidota","Bacteroidia","Flavobacteriales","Flavobacteriaceae","Flavobacterium","unclassified"
"OTU286","OTU286_1","Bacteria","Proteobacteria","Gammaproteobacteria","Burkholderiales","Comamonadaceae","Acidovorax","defluvii"
"OTU287","OTU287_1","Bacteria","Actinobacteriota","Actinobacteria","Corynebacteriales","Nocardiaceae","Rhodococcus","phenolicus"
"OTU288","OTU288_1","Bacteria","Proteobacteria","Gammaproteobacteria","Burkholderiales","Rhodocyclaceae","Zoogloea","unclassified"
"OTU141","OTU141_1","Bacteria","Campylobacterota","Campylobacteria","Campylobacterales","Arcobacteraceae","Arcobacter","cryaerophilus"
"OTU294","OTU294_1","Bacteria","Proteobacteria","Alphaproteobacteria","Rhodobacterales","Rhodobacteraceae","Rhodobacter","unclassified"
"OTU295","OTU295_1","Bacteria","Firmicutes","Bacilli","Lactobacillales","Streptococcaceae","Streptococcus","parasuis"
"OTU296","OTU296_1","Bacteria","Bacteroidota","Bacteroidia","Flavobacteriales","Weeksellaceae","Cloacibacterium","rupense"
"OTU137","OTU137_1","Bacteria","Proteobacteria","Gammaproteobacteria","Enterobacterales","Alteromonadaceae","Alishewanella","unclassified"
"OTU298","OTU298_1","Bacteria","Bacteroidota","Bacteroidia","Bacteroidales","Prevotellaceae","Prevotella_7","unclassified"
"OTU299","OTU299_1","Bacteria","Firmicutes","Bacilli","Lactobacillales","Lactobacillaceae","Limosilactobacillus","unclassified"
"OTU300","OTU300_1","Bacteria","Proteobacteria","Gammaproteobacteria","Xanthomonadales","Xanthomonadaceae","Stenotrophomonas","unclassified"
"OTU083","OTU083_1","Bacteria","Bacteroidota","Bacteroidia","Flavobacteriales","Weeksellaceae","Cloacibacterium","unclassified"
"OTU125","OTU125_1","Bacteria","Firmicutes","Bacilli","Lactobacillales","Streptococcaceae","Streptococcus","orisratti"
"OTU303","OTU303_1","Bacteria","Firmicutes","Clostridia","Eubacteriales","Eubacteriaceae","Acetobacterium","unclassified"
"OTU304","OTU304_1","Bacteria","Proteobacteria","Alphaproteobacteria","Rhizobiales","Rhizobiaceae","Ochrobactrum","unclassified"
"OTU307","OTU307_1","Bacteria","Actinobacteriota","Actinobacteria","Actinomycetales","Actinomycetaceae","unclassified","unclassified"
"OTU308","OTU308_1","Bacteria","Proteobacteria","Gammaproteobacteria","Burkholderiales","Neisseriaceae","Conchiformibius","unclassified"
"OTU309","OTU309_1","Bacteria","Proteobacteria","Gammaproteobacteria","Burkholderiales","Rhodocyclaceae","Dechlorobacter","unclassified"
"OTU409","OTU409_1","Bacteria","Proteobacteria","Gammaproteobacteria","Burkholderiales","Rhodocyclaceae","Propionivibrio","unclassified"
"OTU310","OTU310_1","Bacteria","Proteobacteria","Gammaproteobacteria","Thiotrichales","Thiotrichaceae","Thiothrix","eikelboomii"
"OTU311","OTU311_1","Bacteria","Campylobacterota","Campylobacteria","Campylobacterales","Sulfurimonadaceae","Sulfuricurvum","unclassified"
"OTU312","OTU312_1","Bacteria","Bacteroidota","Bacteroidia","Bacteroidales","Paludibacteraceae","unclassified","unclassified"
"OTU313","OTU313_1","Bacteria","Bacteroidota","Bacteroidia","Bacteroidales","Paludibacteraceae","unclassified","unclassified"
"OTU314","OTU314_1","Bacteria","Proteobacteria","Gammaproteobacteria","Burkholderiales","Hydrogenophilaceae","Thiobacillus","unclassified"
"OTU315","OTU315_1","Bacteria","Proteobacteria","Gammaproteobacteria","Competibacterales","Competibacteraceae","Candidatus Competibacter","unclassified"
"OTU316","OTU316_1","Bacteria","Proteobacteria","Gammaproteobacteria","Burkholderiales","Rhodocyclaceae","Denitratisoma","unclassified"
"OTU317","OTU317_1","Bacteria","Proteobacteria","Gammaproteobacteria","Enterobacterales","Alteromonadaceae","Alishewanella","unclassified"
"OTU319","OTU319_1","Bacteria","Chloroflexi","Anaerolineae","Anaerolineales","Anaerolineaceae","unclassified","unclassified"
"OTU321","OTU321_1","Bacteria","Proteobacteria","Gammaproteobacteria","Xanthomonadales","Xanthomonadaceae","Lysobacter","oligotrophicus"
"OTU322","OTU322_1","Bacteria","Proteobacteria","Gammaproteobacteria","Burkholderiales","Rhodocyclaceae","Dechloromonas","unclassified"
"OTU402","OTU402_1","Bacteria","Proteobacteria","Alphaproteobacteria","Acetobacterales","Acetobacteraceae","Roseomonas","genomospecies"
"OTU323","OTU323_1","Bacteria","Proteobacteria","Alphaproteobacteria","Rhodobacterales","Rhodobacteraceae","Gemmobacter","unclassified"
"OTU325","OTU325_1","Bacteria","Proteobacteria","Gammaproteobacteria","Burkholderiales","Chromobacteriaceae","Gulbenkiania","mobilis"
"OTU326","OTU326_1","Bacteria","Firmicutes","Bacilli","Lactobacillales","Lactobacillaceae","Lactobacillus","delbrueckii"
"OTU327","OTU327_1","Bacteria","Bacteroidota","Bacteroidia","Cytophagales","Microscillaceae","OLB12","unclassified"
"OTU328","OTU328_1","Bacteria","Firmicutes","Negativicutes","Veillonellales-Selenomonadales","Selenomonadaceae","Mitsuokella","unclassified"
"OTU329","OTU329_1","Bacteria","Firmicutes","Bacilli","Lactobacillales","Lactobacillaceae","Lactobacillus","ultunensis"
"OTU394","OTU394_1","Bacteria","Verrucomicrobiota","Verrucomicrobiae","Opitutales","Puniceicoccaceae","unclassified","unclassified"
"OTU330","OTU330_1","Bacteria","Proteobacteria","Gammaproteobacteria","Burkholderiales","Comamonadaceae","Rhodoferax","unclassified"
"OTU331","OTU331_1","Bacteria","Fusobacteriota","Fusobacteriia","Fusobacteriales","Leptotrichiaceae","Leptotrichia","trevisanii"
"OTU332","OTU332_1","Bacteria","Firmicutes","Bacilli","Lactobacillales","Streptococcaceae","Lactococcus","raffinolactis"
"OTU132","OTU132_8","Bacteria","Proteobacteria","Gammaproteobacteria","Enterobacterales","Aeromonadaceae","Aeromonas","caviae"
"OTU333","OTU333_1","Bacteria","Proteobacteria","Gammaproteobacteria","Burkholderiales","Rhodocyclaceae","Niveibacterium","unclassified"
"OTU334","OTU334_1","Bacteria","Proteobacteria","Gammaproteobacteria","Enterobacterales","Aeromonadaceae","Aeromonas","unclassified"
"OTU335","OTU335_1","Bacteria","Desulfobacterota","Desulfovibrionia","Desulfovibrionales","Desulfovibrionaceae","Desulfovibrio","simplex"
"OTU397","OTU397_1","Bacteria","Bacteroidota","Bacteroidia","Flavobacteriales","Weeksellaceae","Cloacibacterium","unclassified"
"OTU336","OTU336_1","Bacteria","Firmicutes","Clostridia","Clostridia UCG-014","unclassified","unclassified","unclassified"
"OTU337","OTU337_1","Bacteria","Actinobacteriota","Actinobacteria","Corynebacteriales","Nocardiaceae","Nocardia","asteroides"
"OTU338","OTU338_1","Bacteria","Proteobacteria","Alphaproteobacteria","Rhizobiales","Xanthobacteraceae","Afipia","unclassified"
"OTU339","OTU339_1","Bacteria","Proteobacteria","Gammaproteobacteria","Burkholderiales","Comamonadaceae","Brachymonas","unclassified"
"OTU340","OTU340_1","Bacteria","Firmicutes","Clostridia","Oscillospirales","Oscillospiraceae","UCG-002","unclassified"
"OTU342","OTU342_1","Bacteria","Firmicutes","Clostridia","Oscillospirales","Oscillospiraceae","NK4A214 group","unclassified"
"OTU343","OTU343_1","Bacteria","Desulfobacterota","Desulfovibrionia","Desulfovibrionales","Desulfomicrobiaceae","Desulfomicrobium","baculatum"
"OTU681","OTU681_1","Bacteria","Firmicutes","Clostridia","Peptostreptococcales-Tissierellales","Peptostreptococcaceae","Acetoanaerobium","unclassified"
"OTU136","OTU136_1","Bacteria","Fusobacteriota","Fusobacteriia","Fusobacteriales","Leptotrichiaceae","Leptotrichia","unclassified"
"OTU344","OTU344_1","Bacteria","Proteobacteria","Gammaproteobacteria","Enterobacterales","Enterobacteriaceae","Citrobacter","freundii"
"OTU345","OTU345_1","Bacteria","Actinobacteriota","Coriobacteriia","Coriobacteriales","Atopobiaceae","Atopobium","unclassified"
"OTU347","OTU347_1","Bacteria","Verrucomicrobiota","Verrucomicrobiae","Pedosphaerales","Pedosphaeraceae","DEV114","unclassified"
"OTU348","OTU348_1","Bacteria","Proteobacteria","Gammaproteobacteria","Burkholderiales","Rhodocyclaceae","unclassified","unclassified"
"OTU349","OTU349_1","Bacteria","Firmicutes","Clostridia","Oscillospirales","Ruminococcaceae","Ruminococcus","unclassified"
"OTU140","OTU140_1","Bacteria","Proteobacteria","Gammaproteobacteria","Thiotrichales","Thiotrichaceae","Thiothrix","unclassified"
"OTU352","OTU352_1","Bacteria","Bacteroidota","Bacteroidia","Flavobacteriales","Flavobacteriaceae","Flavobacterium","unclassified"
"OTU353","OTU353_1","Bacteria","Bacteroidota","Bacteroidia","Chitinophagales","Saprospiraceae","unclassified","unclassified"
"OTU354","OTU354_1","Bacteria","Patescibacteria","Saccharimonadia","Saccharimonadales","unclassified","unclassified","unclassified"
"OTU355","OTU355_1","Bacteria","Bacteroidota","Bacteroidia","Bacteroidales","Prevotellaceae","Prevotellaceae UCG-001","unclassified"
"OTU356","OTU356_1","Bacteria","Fusobacteriota","Fusobacteriia","Fusobacteriales","Fusobacteriaceae","Cetobacterium","unclassified"
"OTU357","OTU357_1","Bacteria","Firmicutes","Bacilli","Lactobacillales","Lactobacillaceae","Paucilactobacillus","unclassified"
"OTU358","OTU358_1","Bacteria","Proteobacteria","Gammaproteobacteria","Enterobacterales","Enterobacteriaceae","Buttiauxella","agrestis"
"OTU360","OTU360_1","Bacteria","Proteobacteria","Gammaproteobacteria","Burkholderiales","Comamonadaceae","Limnohabitans","unclassified"
"OTU362","OTU362_1","Bacteria","Proteobacteria","Gammaproteobacteria","Xanthomonadales","Xanthomonadaceae","Thermomonas","unclassified"
"OTU363","OTU363_1","Bacteria","Proteobacteria","Gammaproteobacteria","Enterobacterales","Enterobacteriaceae","Citrobacter","freundii"
"OTU364","OTU364_1","Bacteria","Firmicutes","Negativicutes","Veillonellales-Selenomonadales","Sporomusaceae","Anaeromusa-Anaeroarcus","unclassified"
"OTU365","OTU365_1","Bacteria","Firmicutes","Clostridia","Eubacteriales","Eubacteriaceae","Eubacterium","aggregans"
"OTU366","OTU366_1","Bacteria","Proteobacteria","Gammaproteobacteria","Burkholderiales","Rhodocyclaceae","Propionivibrio","unclassified"
"OTU021","OTU021_014","Bacteria","Proteobacteria","Gammaproteobacteria","Enterobacterales","Aeromonadaceae","Aeromonas","dhakensis"
"OTU367","OTU367_1","Bacteria","Proteobacteria","Gammaproteobacteria","Enterobacterales","Alteromonadaceae","Alishewanella","unclassified"
"OTU368","OTU368_1","Bacteria","Chloroflexi","Anaerolineae","Anaerolineales","Anaerolineaceae","unclassified","unclassified"
"OTU369","OTU369_1","Bacteria","Proteobacteria","Gammaproteobacteria","Burkholderiales","Comamonadaceae","Simplicispira","unclassified"
"OTU401","OTU401_1","Bacteria","Firmicutes","Bacilli","Lactobacillales","Streptococcaceae","Streptococcus","orisratti"
"OTU429","OTU429_1","Bacteria","Bacteroidota","Bacteroidia","Chitinophagales","unclassified","unclassified","unclassified"
"OTU370","OTU370_1","Bacteria","Desulfobacterota","Desulfuromonadia","Geobacterales","Geobacteraceae","Trichlorobacter","unclassified"
"OTU371","OTU371_1","Bacteria","Actinobacteriota","Actinobacteria","Propionibacteriales","Propionibacteriaceae","Propioniciclava","unclassified"
"OTU372","OTU372_1","Bacteria","Firmicutes","Syntrophomonadia","Syntrophomonadales","Syntrophomonadaceae","Syntrophomonas","unclassified"
"OTU373","OTU373_1","Bacteria","Proteobacteria","Gammaproteobacteria","Burkholderiales","Rhodocyclaceae","Propionivibrio","unclassified"
"OTU374","OTU374_1","Bacteria","Campylobacterota","Campylobacteria","Campylobacterales","Sulfurospirillaceae","Sulfurospirillum","unclassified"
"OTU396","OTU396_1","Bacteria","Proteobacteria","Gammaproteobacteria","Burkholderiales","Rhodocyclaceae","Dechloromonas","unclassified"
"OTU302","OTU302_1","Bacteria","Firmicutes","Bacilli","Erysipelotrichales","Erysipelatoclostridiaceae","Erysipelotrichaceae UCG-003","bacterium"
"OTU376","OTU376_1","Bacteria","Actinobacteriota","Actinobacteria","Corynebacteriales","Nocardiaceae","Rhodococcus","erythropolis"
"OTU378","OTU378_1","Bacteria","Actinobacteriota","Actinobacteria","Propionibacteriales","Propionibacteriaceae","Micropruina","unclassified"
"OTU379","OTU379_1","Bacteria","Desulfobacterota","Desulfobulbia","Desulfobulbales","Desulfobulbaceae","Desulfobulbus","unclassified"
"OTU380","OTU380_1","Bacteria","Proteobacteria","Gammaproteobacteria","Pseudomonadales","Moraxellaceae","Acinetobacter","unclassified"
"OTU669","OTU669_1","Bacteria","Firmicutes","Bacilli","Lactobacillales","Streptococcaceae","Streptococcus","parasuis"
"OTU381","OTU381_1","Bacteria","Bacteroidota","Bacteroidia","Bacteroidales","Bacteroidaceae","Bacteroides","vulgatus"
"OTU382","OTU382_1","Bacteria","Proteobacteria","Gammaproteobacteria","Pseudomonadales","Moraxellaceae","Acinetobacter","unclassified"
"OTU383","OTU383_1","Bacteria","Proteobacteria","Gammaproteobacteria","Burkholderiales","Chitinibacteraceae","Formivibrio","unclassified"
"OTU384","OTU384_1","Bacteria","Actinobacteriota","Actinobacteria","Propionibacteriales","Propionibacteriaceae","Propioniciclava","unclassified"
"OTU385","OTU385_1","Bacteria","Proteobacteria","Gammaproteobacteria","Burkholderiales","Rhodocyclaceae","Dechloromonas","unclassified"
"OTU464","OTU464_1","Bacteria","Proteobacteria","Alphaproteobacteria","Sphingomonadales","Sphingomonadaceae","Sphingobium","unclassified"
"OTU131","OTU131_095","Bacteria","Proteobacteria","Gammaproteobacteria","Pseudomonadales","Moraxellaceae","Acinetobacter","unclassified"
"OTU386","OTU386_1","Bacteria","Bacteroidota","Bacteroidia","Bacteroidales","Rikenellaceae","U29-B03","unclassified"
"OTU387","OTU387_1","Bacteria","Proteobacteria","Gammaproteobacteria","Burkholderiales","Rhodocyclaceae","Thauera","unclassified"
"OTU480","OTU480_1","Bacteria","Bdellovibrionota","Bdellovibrionia","Bacteriovoracales","Bacteriovoracaceae","unclassified","unclassified"
"OTU665","OTU665_1","Bacteria","Campylobacterota","Campylobacteria","Campylobacterales","Arcobacteraceae","Arcobacter","cryaerophilus"
"OTU389","OTU389_1","Bacteria","Synergistota","Synergistia","Synergistales","Synergistaceae","Thermovirga","unclassified"
"OTU390","OTU390_1","Bacteria","Bacteroidota","Bacteroidia","Bacteroidales","Paludibacteraceae","Paludibacter","unclassified"
"OTU391","OTU391_1","Bacteria","Proteobacteria","Gammaproteobacteria","Burkholderiales","Rhodocyclaceae","Propionivibrio","unclassified"
"OTU392","OTU392_1","Bacteria","Proteobacteria","Gammaproteobacteria","Burkholderiales","Comamonadaceae","Delftia","tsuruhatensis"
"OTU393","OTU393_1","Bacteria","Proteobacteria","Gammaproteobacteria","Burkholderiales","Rhodocyclaceae","C39","unclassified"
"OTU667","OTU667_1","Bacteria","Proteobacteria","Gammaproteobacteria","Enterobacterales","Aeromonadaceae","Aeromonas","caviae"
"OTU395","OTU395_1","Bacteria","Proteobacteria","Gammaproteobacteria","Enterobacterales","Enterobacteriaceae","Klebsiella","pneumoniae"
"OTU398","OTU398_1","Bacteria","Proteobacteria","Gammaproteobacteria","Burkholderiales","Rhodocyclaceae","Propionivibrio","unclassified"
"OTU399","OTU399_1","Bacteria","Proteobacteria","Gammaproteobacteria","Enterobacterales","Alteromonadaceae","Alishewanella","unclassified"
"OTU400","OTU400_1","Bacteria","Bacteroidota","Bacteroidia","Flavobacteriales","Weeksellaceae","Cloacibacterium","unclassified"
"OTU403","OTU403_1","Bacteria","Proteobacteria","Gammaproteobacteria","Enterobacterales","Aeromonadaceae","Tolumonas","unclassified"
"OTU404","OTU404_1","Bacteria","Proteobacteria","Gammaproteobacteria","Pseudomonadales","Moraxellaceae","Acinetobacter","unclassified"
"OTU405","OTU405_1","Bacteria","Proteobacteria","Gammaproteobacteria","Thiotrichales","Thiotrichaceae","Thiothrix","eikelboomii"
"OTU493","OTU493_1","Bacteria","Proteobacteria","Gammaproteobacteria","Burkholderiales","Rhodocyclaceae","Zoogloea","unclassified"
"OTU235","OTU235_1","Bacteria","Proteobacteria","Gammaproteobacteria","Burkholderiales","Comamonadaceae","Comamonas","terrigena"
"OTU406","OTU406_1","Bacteria","Proteobacteria","Gammaproteobacteria","Burkholderiales","Rhodocyclaceae","Dechlorobacter","unclassified"
"OTU407","OTU407_1","Bacteria","Proteobacteria","Gammaproteobacteria","Pseudomonadales","Moraxellaceae","Acinetobacter","unclassified"
"OTU408","OTU408_1","Bacteria","Proteobacteria","Alphaproteobacteria","Rhizobiales","Rhizobiaceae","Shinella","unclassified"
"OTU410","OTU410_1","Bacteria","Fusobacteriota","Fusobacteriia","Fusobacteriales","Leptotrichiaceae","Sebaldella","termitidis"
"OTU411","OTU411_1","Bacteria","Proteobacteria","Gammaproteobacteria","Burkholderiales","Rhodocyclaceae","Sulfuritalea","unclassified"
"OTU412","OTU412_1","Bacteria","Bacteroidota","Bacteroidia","Flavobacteriales","Weeksellaceae","Chryseobacterium","unclassified"
"OTU413","OTU413_1","Bacteria","Proteobacteria","Gammaproteobacteria","Burkholderiales","Comamonadaceae","Comamonas","unclassified"
"OTU414","OTU414_1","Bacteria","Verrucomicrobiota","Verrucomicrobiae","Opitutales","Opitutaceae","Lacunisphaera","unclassified"
"OTU415","OTU415_1","Bacteria","Desulfobacterota","Desulfobacteria","Desulfobacterales","Desulforegulaceae","Desulforegula","unclassified"
"OTU175","OTU175_1","Bacteria","Proteobacteria","Gammaproteobacteria","Pseudomonadales","Pseudomonadaceae","Pseudomonas","putida"
"OTU416","OTU416_1","Bacteria","Proteobacteria","Gammaproteobacteria","Pseudomonadales","Moraxellaceae","Acinetobacter","unclassified"
"OTU417","OTU417_1","Bacteria","Proteobacteria","Gammaproteobacteria","Burkholderiales","Rhodocyclaceae","Zoogloea","unclassified"
"OTU486","OTU486_1","Bacteria","Desulfobacterota","Desulfuromonadia","Geobacterales","Geobacteraceae","Trichlorobacter","unclassified"
"OTU341","OTU341_1","Bacteria","Proteobacteria","Alphaproteobacteria","Sphingomonadales","Sphingomonadaceae","Sphingomonas","echinoides"
"OTU418","OTU418_1","Bacteria","Thermotogota","Thermotogae","Kosmotogales","Kosmotogaceae","Mesotoga","unclassified"
"OTU419","OTU419_1","Bacteria","Bacteroidota","Bacteroidia","Flavobacteriales","Weeksellaceae","Chryseobacterium","unclassified"
"OTU420","OTU420_1","Bacteria","Proteobacteria","Gammaproteobacteria","Enterobacterales","Alteromonadaceae","Alishewanella","jeotgali"
"OTU421","OTU421_1","Bacteria","Proteobacteria","Alphaproteobacteria","Rhizobiales","Rhizobiaceae","Allorhizobium-Neorhizobium-Pararhizobium-Rhizobium","unclassified"
"OTU422","OTU422_1","Bacteria","Campylobacterota","Campylobacteria","Campylobacterales","Arcobacteraceae","Pseudarcobacter","unclassified"
"OTU423","OTU423_1","Bacteria","Proteobacteria","Gammaproteobacteria","Pseudomonadales","Moraxellaceae","Acinetobacter","unclassified"
"OTU424","OTU424_1","Bacteria","Proteobacteria","Gammaproteobacteria","Burkholderiales","Comamonadaceae","Acidovorax","unclassified"
"OTU425","OTU425_1","Bacteria","Campylobacterota","Campylobacteria","Campylobacterales","Sulfurospirillaceae","Sulfurospirillum","unclassified"
"OTU485","OTU485_1","Bacteria","Proteobacteria","Gammaproteobacteria","Burkholderiales","Rhodocyclaceae","Propionivibrio","unclassified"
"OTU426","OTU426_1","Bacteria","Actinobacteriota","Actinobacteria","Micrococcales","Micrococcaceae","Glutamicibacter","nicotianae"
"OTU427","OTU427_1","Bacteria","Thermotogota","Thermotogae","Kosmotogales","Kosmotogaceae","Mesotoga","infera"
"OTU428","OTU428_1","Bacteria","Firmicutes","Clostridia","Clostridiales","Clostridiaceae","Clostridium sensu stricto 1","saccharoperbutylacetonicum"
"OTU430","OTU430_1","Bacteria","Actinobacteriota","Actinobacteria","Corynebacteriales","Mycobacteriaceae","Mycobacterium","unclassified"
"OTU431","OTU431_1","Bacteria","Bdellovibrionota","Bdellovibrionia","Bacteriovoracales","Bacteriovoracaceae","unclassified","unclassified"
"OTU432","OTU432_1","Bacteria","Campylobacterota","Campylobacteria","Campylobacterales","Sulfurospirillaceae","Sulfurospirillum","deleyianum"
"OTU433","OTU433_1","Bacteria","Proteobacteria","Gammaproteobacteria","Enterobacterales","Vibrionaceae","Vibrio","cholerae"
"OTU434","OTU434_1","Bacteria","Campylobacterota","Campylobacteria","Campylobacterales","Arcobacteraceae","Pseudarcobacter","unclassified"
"OTU435","OTU435_1","Bacteria","Patescibacteria","Saccharimonadia","Saccharimonadales","Saccharimonadaceae","TM7a","unclassified"
"OTU436","OTU436_1","Bacteria","Bacteroidota","Bacteroidia","Flavobacteriales","Weeksellaceae","Cloacibacterium","unclassified"
"OTU437","OTU437_1","Bacteria","Proteobacteria","Alphaproteobacteria","Rhizobiales","Stappiaceae","Stappia","unclassified"
"OTU438","OTU438_1","Bacteria","Proteobacteria","Alphaproteobacteria","Sphingomonadales","Sphingomonadaceae","Novosphingobium","tardaugens"
"OTU439","OTU439_1","Bacteria","Actinobacteriota","Actinobacteria","Micrococcales","Dermatophilaceae","unclassified","unclassified"
"OTU440","OTU440_1","Bacteria","Desulfobacterota","Desulfobacteria","Desulfobacterales","Desulfococcaceae","Desulfococcus","unclassified"
"OTU441","OTU441_1","Bacteria","Verrucomicrobiota","Verrucomicrobiae","Verrucomicrobiales","Akkermansiaceae","Akkermansia","muciniphila"
"OTU442","OTU442_1","Bacteria","Proteobacteria","Gammaproteobacteria","Burkholderiales","Comamonadaceae","Polaromonas","unclassified"
"OTU093","OTU093_02","Bacteria","Firmicutes","Bacilli","Lactobacillales","Streptococcaceae","Streptococcus","lutetiensis"
"OTU443","OTU443_1","Bacteria","Proteobacteria","Gammaproteobacteria","Enterobacterales","Enterobacteriaceae","Klebsiella","quasipneumoniae"
"OTU444","OTU444_1","Bacteria","Desulfobacterota","Desulfovibrionia","Desulfovibrionales","Desulfovibrionaceae","Desulfovibrio","desulfuricans"
"OTU445","OTU445_1","Bacteria","Desulfobacterota","Desulfovibrionia","Desulfovibrionales","Desulfovibrionaceae","unclassified","unclassified"
"OTU446","OTU446_1","Bacteria","Desulfobacterota","Desulfovibrionia","Desulfovibrionales","Desulfovibrionaceae","Desulfovibrio","vulgaris"
"OTU447","OTU447_1","Bacteria","Firmicutes","Bacilli","Lactobacillales","Streptococcaceae","Streptococcus","suis"
"OTU448","OTU448_1","Bacteria","Proteobacteria","Gammaproteobacteria","Xanthomonadales","Xanthomonadaceae","Thermomonas","unclassified"
"OTU449","OTU449_1","Bacteria","Verrucomicrobiota","Verrucomicrobiae","Verrucomicrobiales","Verrucomicrobiaceae","unclassified","unclassified"
"OTU450","OTU450_1","Bacteria","Proteobacteria","Alphaproteobacteria","Sphingomonadales","Sphingomonadaceae","Sphingobium","unclassified"
"OTU451","OTU451_1","Bacteria","Cyanobacteria","Cyanobacteriia","Chloroplast","unclassified","unclassified","unclassified"
"OTU452","OTU452_1","Bacteria","Campylobacterota","Campylobacteria","Campylobacterales","unclassified","unclassified","unclassified"
"OTU453","OTU453_1","Bacteria","Fusobacteriota","Fusobacteriia","Fusobacteriales","Leptotrichiaceae","Hypnocyclicus","unclassified"
"OTU454","OTU454_1","Bacteria","Cloacimonadota","Cloacimonadia","Cloacimonadales","Cloacimonadaceae","Candidatus Cloacimonas","unclassified"
"OTU455","OTU455_1","Bacteria","Bacteroidota","Bacteroidia","Flavobacteriales","Flavobacteriaceae","Flavobacterium","unclassified"
"OTU456","OTU456_1","Bacteria","Proteobacteria","Gammaproteobacteria","Salinisphaerales","Solimonadaceae","unclassified","unclassified"
"OTU457","OTU457_1","Bacteria","Proteobacteria","Gammaproteobacteria","Pseudomonadales","Pseudomonadaceae","Pseudomonas","migulae"
"OTU458","OTU458_1","Bacteria","Firmicutes","Bacilli","Erysipelotrichales","Erysipelotrichaceae","Holdemanella","unclassified"
"OTU459","OTU459_1","Bacteria","Proteobacteria","Gammaproteobacteria","Pseudomonadales","Pseudomonadaceae","Pseudomonas","synxantha"
"OTU460","OTU460_1","Bacteria","Proteobacteria","Gammaproteobacteria","Burkholderiales","Comamonadaceae","Rhodoferax","unclassified"
"OTU461","OTU461_1","Bacteria","Planctomycetota","Planctomycetes","Isosphaerales","Isosphaeraceae","unclassified","unclassified"
"OTU462","OTU462_1","Bacteria","Patescibacteria","Saccharimonadia","Saccharimonadales","Saccharimonadaceae","TM7a","unclassified"
"OTU463","OTU463_1","Bacteria","Proteobacteria","Gammaproteobacteria","Burkholderiales","Comamonadaceae","Acidovorax","unclassified"
"OTU465","OTU465_1","Bacteria","Firmicutes","Clostridia","Clostridia UCG-014","unclassified","unclassified","unclassified"
"OTU466","OTU466_1","Bacteria","Proteobacteria","Gammaproteobacteria","Burkholderiales","T34","unclassified","unclassified"
"OTU388","OTU388_1","Bacteria","Proteobacteria","Alphaproteobacteria","Rickettsiales","Mitochondria","unclassified","unclassified"
"OTU467","OTU467_1","Bacteria","Campylobacterota","Campylobacteria","Campylobacterales","Sulfurospirillaceae","Sulfurospirillum","cavolei"
"OTU468","OTU468_1","Bacteria","Proteobacteria","Gammaproteobacteria","Burkholderiales","Rhodocyclaceae","Propionivibrio","unclassified"
"OTU674","OTU674_1","Bacteria","Campylobacterota","Campylobacteria","Campylobacterales","Arcobacteraceae","Pseudarcobacter","unclassified"
"OTU158","OTU158_1","Bacteria","Proteobacteria","Gammaproteobacteria","Enterobacterales","Erwiniaceae","Erwinia","unclassified"
"OTU469","OTU469_1","Bacteria","Proteobacteria","Alphaproteobacteria","Rhizobiales","Rhizobiaceae","Allorhizobium-Neorhizobium-Pararhizobium-Rhizobium","unclassified"
"OTU470","OTU470_1","Bacteria","Fusobacteriota","Fusobacteriia","Fusobacteriales","Leptotrichiaceae","Hypnocyclicus","unclassified"
"OTU471","OTU471_1","Bacteria","Firmicutes","Bacilli","Lactobacillales","Lactobacillaceae","Lactobacillus","johnsonii"
"OTU472","OTU472_1","Bacteria","Campylobacterota","Campylobacteria","Campylobacterales","Sulfurimonadaceae","Sulfuricurvum","unclassified"
"OTU555","OTU555_1","Bacteria","Proteobacteria","Gammaproteobacteria","Enterobacterales","Yersiniaceae","Rahnella1","unclassified"
"OTU473","OTU473_1","Bacteria","Proteobacteria","Gammaproteobacteria","Burkholderiales","Rhodocyclaceae","Thauera","unclassified"
"OTU474","OTU474_1","Bacteria","Firmicutes","Negativicutes","Veillonellales-Selenomonadales","Selenomonadaceae","Mitsuokella","unclassified"
"OTU475","OTU475_1","Bacteria","Fusobacteriota","Fusobacteriia","Fusobacteriales","Leptotrichiaceae","Hypnocyclicus","unclassified"
"OTU476","OTU476_1","Bacteria","Proteobacteria","Gammaproteobacteria","Xanthomonadales","Xanthomonadaceae","SN8","unclassified"
"OTU477","OTU477_1","Bacteria","Actinobacteriota","Actinobacteria","Propionibacteriales","Nocardioidaceae","Aeromicrobium","unclassified"
"OTU478","OTU478_1","Bacteria","Patescibacteria","Saccharimonadia","Saccharimonadales","unclassified","unclassified","unclassified"
"OTU479","OTU479_1","Bacteria","Proteobacteria","Gammaproteobacteria","Burkholderiales","Chitinibacteraceae","Formivibrio","unclassified"
"OTU481","OTU481_1","Bacteria","Bacteroidota","Bacteroidia","Bacteroidales","Bacteroidaceae","Bacteroides","uniformis"
"OTU482","OTU482_1","Bacteria","Proteobacteria","Gammaproteobacteria","Burkholderiales","Comamonadaceae","Rhodoferax","unclassified"
"OTU483","OTU483_1","Bacteria","Proteobacteria","Gammaproteobacteria","Burkholderiales","Comamonadaceae","Alicycliphilus","unclassified"
"OTU484","OTU484_1","Bacteria","Proteobacteria","Gammaproteobacteria","Burkholderiales","Comamonadaceae","Comamonas","koreensis"
"OTU487","OTU487_1","Bacteria","Firmicutes","Negativicutes","Veillonellales-Selenomonadales","unclassified","unclassified","unclassified"
"OTU488","OTU488_1","Bacteria","Firmicutes","Bacilli","Erysipelotrichales","Erysipelatoclostridiaceae","Catenibacterium","unclassified"
"OTU489","OTU489_1","Bacteria","Bacteroidota","Bacteroidia","Flavobacteriales","Weeksellaceae","Cloacibacterium","unclassified"
"OTU490","OTU490_1","Bacteria","Proteobacteria","Alphaproteobacteria","Micavibrionales","Micavibrionaceae","unclassified","unclassified"
"OTU491","OTU491_1","Bacteria","Fusobacteriota","Fusobacteriia","Fusobacteriales","Leptotrichiaceae","unclassified","unclassified"
"OTU492","OTU492_1","Bacteria","Fusobacteriota","Fusobacteriia","Fusobacteriales","Leptotrichiaceae","unclassified","unclassified"
"OTU494","OTU494_1","Bacteria","Verrucomicrobiota","Verrucomicrobiae","Chthoniobacterales","Terrimicrobiaceae","Terrimicrobium","unclassified"
"OTU495","OTU495_1","Bacteria","Campylobacterota","Campylobacteria","Campylobacterales","unclassified","unclassified","unclassified"
"OTU496","OTU496_1","Bacteria","Firmicutes","Bacilli","Lactobacillales","Lactobacillaceae","Lactobacillus","delbrueckii"
"OTU497","OTU497_1","Bacteria","Firmicutes","Negativicutes","Veillonellales-Selenomonadales","Veillonellaceae","Dialister","unclassified"
"OTU498","OTU498_1","Bacteria","Patescibacteria","Saccharimonadia","Saccharimonadales","Saccharimonadaceae","TM7a","unclassified"
"OTU499","OTU499_1","Bacteria","Proteobacteria","Gammaproteobacteria","Enterobacterales","Aeromonadaceae","Tolumonas","unclassified"
"OTU500","OTU500_1","Bacteria","Bacteroidota","Bacteroidia","Flavobacteriales","Flavobacteriaceae","Flavobacterium","unclassified"
"OTU501","OTU501_1","Bacteria","Actinobacteriota","Actinobacteria","Micrococcales","Microbacteriaceae","Microbacterium","oxydans"
"OTU033","OTU033_0089","Bacteria","Proteobacteria","Gammaproteobacteria","Enterobacterales","Aeromonadaceae","Aeromonas","hydrophila"
"OTU249","OTU249_1","Bacteria","Bacteroidota","Bacteroidia","Flavobacteriales","Weeksellaceae","Empedobacter","brevis"
"OTU502","OTU502_1","Bacteria","Proteobacteria","Gammaproteobacteria","Enterobacterales","Alteromonadaceae","Alishewanella","unclassified"
"OTU503","OTU503_1","Bacteria","Proteobacteria","Alphaproteobacteria","Caulobacterales","Caulobacteraceae","Brevundimonas","aurantiaca"
"OTU504","OTU504_1","Bacteria","Proteobacteria","Gammaproteobacteria","Xanthomonadales","Xanthomonadaceae","Pseudoxanthomonas","mexicana"
"OTU505","OTU505_1","Bacteria","Firmicutes","Clostridia","Christensenellales","Christensenellaceae","Christensenellaceae R-7 group","unclassified"
"OTU506","OTU506_1","Bacteria","Caldisericota","Caldisericia","Caldisericales","WCHB1-02","unclassified","unclassified"
"OTU507","OTU507_1","Bacteria","Proteobacteria","Alphaproteobacteria","Rhizobiales","Pleomorphomonadaceae","Pleomorphomonas","oryzae"
"OTU508","OTU508_1","Bacteria","Proteobacteria","Gammaproteobacteria","Burkholderiales","T34","unclassified","unclassified"
"OTU509","OTU509_1","Bacteria","Bacteroidota","Bacteroidia","Bacteroidales","Bacteroidaceae","Bacteroides","dorei"
"OTU510","OTU510_1","Bacteria","Patescibacteria","Saccharimonadia","Saccharimonadales","unclassified","unclassified","unclassified"
"OTU511","OTU511_1","Bacteria","Firmicutes","Negativicutes","Veillonellales-Selenomonadales","Selenomonadaceae","Mitsuokella","unclassified"
"OTU512","OTU512_1","Bacteria","Proteobacteria","Gammaproteobacteria","Burkholderiales","Neisseriaceae","Conchiformibius","unclassified"
"OTU132","OTU132_2","Bacteria","Proteobacteria","Gammaproteobacteria","Enterobacterales","Aeromonadaceae","Aeromonas","unclassified"
"OTU514","OTU514_1","Bacteria","Proteobacteria","Gammaproteobacteria","Pseudomonadales","Moraxellaceae","Acinetobacter","unclassified"
"OTU515","OTU515_1","Bacteria","Firmicutes","Incertae Sedis","DTU014","unclassified","unclassified","unclassified"
"OTU516","OTU516_1","Bacteria","Elusimicrobiota","Elusimicrobia","Elusimicrobiales","Elusimicrobiaceae","Elusimicrobium","unclassified"
"OTU513","OTU513_1","Bacteria","Patescibacteria","Saccharimonadia","Saccharimonadales","unclassified","unclassified","unclassified"
"OTU517","OTU517_1","Bacteria","Actinobacteriota","Actinobacteria","Bifidobacteriales","Bifidobacteriaceae","Bifidobacterium","longum"
"OTU518","OTU518_1","Bacteria","Patescibacteria","Saccharimonadia","Saccharimonadales","LWQ8","unclassified","unclassified"
"OTU519","OTU519_1","Bacteria","Proteobacteria","Gammaproteobacteria","Burkholderiales","Comamonadaceae","Limnohabitans","unclassified"
"OTU520","OTU520_1","Bacteria","Proteobacteria","Gammaproteobacteria","Burkholderiales","Rhodocyclaceae","Candidatus Accumulibacter","unclassified"
"OTU521","OTU521_1","Bacteria","Bacteroidota","Bacteroidia","Flavobacteriales","Weeksellaceae","Chryseobacterium","unclassified"
"OTU522","OTU522_1","Bacteria","Proteobacteria","Gammaproteobacteria","Burkholderiales","Rhodocyclaceae","Dechlorobacter","unclassified"
"OTU523","OTU523_1","Bacteria","Firmicutes","Bacilli","Lactobacillales","Streptococcaceae","Streptococcus","parasuis"
"OTU524","OTU524_1","Bacteria","Firmicutes","Bacilli","Lactobacillales","Streptococcaceae","Lactococcus","garvieae"
"OTU525","OTU525_1","Bacteria","Campylobacterota","Campylobacteria","Campylobacterales","Arcobacteraceae","Arcobacter","unclassified"
"OTU526","OTU526_1","Bacteria","Firmicutes","Bacilli","Lactobacillales","Lactobacillaceae","Lactobacillus","unclassified"
"OTU527","OTU527_1","Bacteria","Desulfobacterota","Desulfovibrionia","Desulfovibrionales","Desulfomicrobiaceae","Desulfomicrobium","unclassified"
"OTU528","OTU528_1","Bacteria","Verrucomicrobiota","Omnitrophia","Omnitrophales","Omnitrophaceae","Candidatus Omnitrophus","unclassified"
"OTU529","OTU529_1","Bacteria","Bacteroidota","Bacteroidia","Sphingobacteriales","ST-12K33","unclassified","unclassified"
"OTU530","OTU530_1","Bacteria","Bacteroidota","Bacteroidia","Bacteroidales","Williamwhitmaniaceae","Acetobacteroides","unclassified"
"OTU531","OTU531_1","Bacteria","Fusobacteriota","Fusobacteriia","Fusobacteriales","Leptotrichiaceae","Leptotrichia","unclassified"
